country,capital,region,continents,area,population,iso2,iso3,countryiso3code,date,value,unit,obs_status,decimal,indicator_id,indicator_value,country_id,country_value,id,name,aggregate_projects_count,aggregate_outputs_count,aggregate_budget,aggregate_expense,aggregate_budget_sources,country_name,country_code,country_iso2,country_type,country_unit_type,country_donor_lvl,country_level_3_code,country_mco
Aruba,Oranjestad,Americas,North America,180.0,106766.0,AW,ABW,ABW,2024,,,,2.0,SE.ENR.PRSC.FM.ZS,"School enrollment, primary and secondary (gross), gender parity index (GPI)",AW,Aruba,RBLAC,Latin America & the Caribbean,1196.0,1357.0,1957437066.0,768257482.0,392.0,Aruba,ABW,AW,2.0,CO,Programme countries,ABW,TT
Afghanistan,Kabul,Asia,Asia,652230.0,40218234.0,AF,AFG,AFG,2024,,,,2.0,SE.ENR.PRSC.FM.ZS,"School enrollment, primary and secondary (gross), gender parity index (GPI)",AF,Afghanistan,RBAP,Asia and the Pacific,944.0,1038.0,887831303.0,495208310.0,274.0,Afghanistan,AFG,AF,2.0,CO,Programme countries,AFG,
Angola,Luanda,Africa,Africa,1246700.0,32866268.0,AO,AGO,AGO,2024,,,,2.0,SE.ENR.PRSC.FM.ZS,"School enrollment, primary and secondary (gross), gender parity index (GPI)",AO,Angola,RBA,Africa,1584.0,1825.0,1554101323.0,897571035.0,250.0,Angola,AGO,AO,2.0,CO,Programme countries,AGO,
Anguilla,The Valley,Americas,North America,91.0,13452.0,AI,AIA,,,,,,,,,,,RBLAC,Latin America & the Caribbean,1196.0,1357.0,1957437066.0,768257482.0,392.0,Anguilla,AIA,AI,2.0,CO,Programme countries,AIA,BB
Åland Islands,Mariehamn,Europe,Europe,1580.0,29458.0,AX,ALA,,,,,,,,,,,,,,,,,,,,,,,,,
Albania,Tirana,Europe,Europe,28748.0,2837743.0,AL,ALB,ALB,2024,,,,2.0,SE.ENR.PRSC.FM.ZS,"School enrollment, primary and secondary (gross), gender parity index (GPI)",AL,Albania,RBEC,Europe and CIS,816.0,898.0,907681346.0,568600876.0,215.0,Albania,ALB,AL,2.0,CO,Programme countries,ALB,
Andorra,Andorra la Vella,Europe,Europe,468.0,77265.0,AD,AND,AND,2024,,,,2.0,SE.ENR.PRSC.FM.ZS,"School enrollment, primary and secondary (gross), gender parity index (GPI)",AD,Andorra,,,,,,,,,,,,,,,
,,,,,,,,,,,,,,,,,,RBLAC,Latin America & the Caribbean,1196.0,1357.0,1957437066.0,768257482.0,392.0,Netherlands Antilles,ANT,AN,2.0,CO,OTH,ANT,
United Arab Emirates,Abu Dhabi,Asia,Asia,83600.0,9890400.0,AE,ARE,ARE,2024,,,,2.0,SE.ENR.PRSC.FM.ZS,"School enrollment, primary and secondary (gross), gender parity index (GPI)",AE,United Arab Emirates,RBAS,Arab States,637.0,770.0,889699202.0,442683911.0,176.0,United Arab Emirates,ARE,AE,2.0,CO,Programme countries,ARE,
Argentina,Buenos Aires,Americas,South America,2780400.0,45376763.0,AR,ARG,ARG,2024,,,,2.0,SE.ENR.PRSC.FM.ZS,"School enrollment, primary and secondary (gross), gender parity index (GPI)",AR,Argentina,RBLAC,Latin America & the Caribbean,1196.0,1357.0,1957437066.0,768257482.0,392.0,Argentina,ARG,AR,2.0,CO,Programme countries,ARG,
Armenia,Yerevan,Asia,Asia,29743.0,2963234.0,AM,ARM,ARM,2024,,,,2.0,SE.ENR.PRSC.FM.ZS,"School enrollment, primary and secondary (gross), gender parity index (GPI)",AM,Armenia,RBEC,Europe and CIS,816.0,898.0,907681346.0,568600876.0,215.0,Armenia,ARM,AM,2.0,CO,Programme countries,ARM,
American Samoa,Pago Pago,Oceania,Oceania,199.0,55197.0,AS,ASM,ASM,2024,,,,2.0,SE.ENR.PRSC.FM.ZS,"School enrollment, primary and secondary (gross), gender parity index (GPI)",AS,American Samoa,,,,,,,,,,,,,,,
Antarctica,,Antarctic,Antarctica,14000000.0,1000.0,AQ,ATA,,,,,,,,,,,,,,,,,,,,,,,,,
French Southern and Antarctic Lands,Port-aux-Français,Antarctic,Antarctica,7747.0,400.0,TF,ATF,,,,,,,,,,,,,,,,,,,,,,,,,
Antigua and Barbuda,Saint John's,Americas,North America,442.0,97928.0,AG,ATG,ATG,2024,,,,2.0,SE.ENR.PRSC.FM.ZS,"School enrollment, primary and secondary (gross), gender parity index (GPI)",AG,Antigua and Barbuda,RBLAC,Latin America & the Caribbean,1196.0,1357.0,1957437066.0,768257482.0,392.0,Antigua and Barbuda,ATG,AG,2.0,CO,Programme countries,ATG,BB
Australia,Canberra,Oceania,Oceania,7692024.0,25687041.0,AU,AUS,AUS,2024,,,,2.0,SE.ENR.PRSC.FM.ZS,"School enrollment, primary and secondary (gross), gender parity index (GPI)",AU,Australia,,,,,,,,,,,,,,,
Austria,Vienna,Europe,Europe,83871.0,8917205.0,AT,AUT,AUT,2024,,,,2.0,SE.ENR.PRSC.FM.ZS,"School enrollment, primary and secondary (gross), gender parity index (GPI)",AT,Austria,,,,,,,,,,,,,,,
Azerbaijan,Baku,Asia,Asia,86600.0,10110116.0,AZ,AZE,AZE,2024,,,,2.0,SE.ENR.PRSC.FM.ZS,"School enrollment, primary and secondary (gross), gender parity index (GPI)",AZ,Azerbaijan,RBEC,Europe and CIS,816.0,898.0,907681346.0,568600876.0,215.0,Azerbaijan,AZE,AZ,2.0,CO,Programme countries,AZE,
Burundi,Gitega,Africa,Africa,27834.0,11890781.0,BI,BDI,BDI,2024,,,,2.0,SE.ENR.PRSC.FM.ZS,"School enrollment, primary and secondary (gross), gender parity index (GPI)",BI,Burundi,RBA,Africa,1584.0,1825.0,1554101323.0,897571035.0,250.0,Burundi,BDI,BI,2.0,CO,Programme countries,BDI,
Belgium,Brussels,Europe,Europe,30528.0,11555997.0,BE,BEL,BEL,2024,,,,2.0,SE.ENR.PRSC.FM.ZS,"School enrollment, primary and secondary (gross), gender parity index (GPI)",BE,Belgium,,,,,,,,,,,,,,,
Benin,Porto-Novo,Africa,Africa,112622.0,12123198.0,BJ,BEN,BEN,2024,,,,2.0,SE.ENR.PRSC.FM.ZS,"School enrollment, primary and secondary (gross), gender parity index (GPI)",BJ,Benin,RBA,Africa,1584.0,1825.0,1554101323.0,897571035.0,250.0,Benin,BEN,BJ,2.0,CO,Programme countries,BEN,
Caribbean Netherlands,Kralendijk,Americas,North America,328.0,25987.0,BQ,BES,,,,,,,,,,,,,,,,,,,,,,,,,
Burkina Faso,Ouagadougou,Africa,Africa,272967.0,20903278.0,BF,BFA,BFA,2024,,,,2.0,SE.ENR.PRSC.FM.ZS,"School enrollment, primary and secondary (gross), gender parity index (GPI)",BF,Burkina Faso,RBA,Africa,1584.0,1825.0,1554101323.0,897571035.0,250.0,Burkina Faso,BFA,BF,2.0,CO,Programme countries,BFA,
Bangladesh,Dhaka,Asia,Asia,147570.0,164689383.0,BD,BGD,BGD,2024,,,,2.0,SE.ENR.PRSC.FM.ZS,"School enrollment, primary and secondary (gross), gender parity index (GPI)",BD,Bangladesh,RBAP,Asia and the Pacific,944.0,1038.0,887831303.0,495208310.0,274.0,Bangladesh,BGD,BD,2.0,CO,Programme countries,BGD,
Bulgaria,Sofia,Europe,Europe,110879.0,6927288.0,BG,BGR,BGR,2024,,,,2.0,SE.ENR.PRSC.FM.ZS,"School enrollment, primary and secondary (gross), gender parity index (GPI)",BG,Bulgaria,RBEC,Europe and CIS,816.0,898.0,907681346.0,568600876.0,215.0,Bulgaria,BGR,BG,2.0,CO,Non-DAC and non-programme countries,BGR,
Bahrain,Manama,Asia,Asia,765.0,1701583.0,BH,BHR,BHR,2024,,,,2.0,SE.ENR.PRSC.FM.ZS,"School enrollment, primary and secondary (gross), gender parity index (GPI)",BH,Bahrain,RBAS,Arab States,637.0,770.0,889699202.0,442683911.0,176.0,Bahrain,BHR,BH,2.0,CO,Programme countries,BHR,
Bahamas,Nassau,Americas,North America,13943.0,393248.0,BS,BHS,BHS,2024,,,,2.0,SE.ENR.PRSC.FM.ZS,"School enrollment, primary and secondary (gross), gender parity index (GPI)",BS,"Bahamas, The",RBLAC,Latin America & the Caribbean,1196.0,1357.0,1957437066.0,768257482.0,392.0,Bahamas,BHS,BS,2.0,CO,Programme countries,BHS,JM
Bosnia and Herzegovina,Sarajevo,Europe,Europe,51209.0,3280815.0,BA,BIH,BIH,2024,,,,2.0,SE.ENR.PRSC.FM.ZS,"School enrollment, primary and secondary (gross), gender parity index (GPI)",BA,Bosnia and Herzegovina,RBEC,Europe and CIS,816.0,898.0,907681346.0,568600876.0,215.0,Bosnia and Herzegovina,BIH,BA,2.0,CO,Programme countries,BIH,
Saint Barthélemy,Gustavia,Americas,North America,21.0,4255.0,BL,BLM,,,,,,,,,,,,,,,,,,,,,,,,,
Belarus,Minsk,Europe,Europe,207600.0,9398861.0,BY,BLR,BLR,2024,,,,2.0,SE.ENR.PRSC.FM.ZS,"School enrollment, primary and secondary (gross), gender parity index (GPI)",BY,Belarus,RBEC,Europe and CIS,816.0,898.0,907681346.0,568600876.0,215.0,"Belarus, Republic of",BLR,BY,2.0,CO,Programme countries,BLR,
Belize,Belmopan,Americas,North America,22966.0,397621.0,BZ,BLZ,BLZ,2024,,,,2.0,SE.ENR.PRSC.FM.ZS,"School enrollment, primary and secondary (gross), gender parity index (GPI)",BZ,Belize,RBLAC,Latin America & the Caribbean,1196.0,1357.0,1957437066.0,768257482.0,392.0,Belize,BLZ,BZ,2.0,CO,Programme countries,BLZ,
Bermuda,Hamilton,Americas,North America,54.0,63903.0,BM,BMU,BMU,2024,,,,2.0,SE.ENR.PRSC.FM.ZS,"School enrollment, primary and secondary (gross), gender parity index (GPI)",BM,Bermuda,RBLAC,Latin America & the Caribbean,1196.0,1357.0,1957437066.0,768257482.0,392.0,Bermuda,BMU,BM,2.0,CO,Programme countries,BMU,JM
Bolivia,Sucre,Americas,South America,1098581.0,11673029.0,BO,BOL,BOL,2024,,,,2.0,SE.ENR.PRSC.FM.ZS,"School enrollment, primary and secondary (gross), gender parity index (GPI)",BO,Bolivia,RBLAC,Latin America & the Caribbean,1196.0,1357.0,1957437066.0,768257482.0,392.0,Bolivia,BOL,BO,2.0,CO,Programme countries,BOL,
Brazil,Brasília,Americas,South America,8515767.0,212559409.0,BR,BRA,BRA,2024,,,,2.0,SE.ENR.PRSC.FM.ZS,"School enrollment, primary and secondary (gross), gender parity index (GPI)",BR,Brazil,RBLAC,Latin America & the Caribbean,1196.0,1357.0,1957437066.0,768257482.0,392.0,Brazil,BRA,BR,2.0,CO,Programme countries,BRA,
Barbados,Bridgetown,Americas,North America,430.0,287371.0,BB,BRB,BRB,2024,,,,2.0,SE.ENR.PRSC.FM.ZS,"School enrollment, primary and secondary (gross), gender parity index (GPI)",BB,Barbados,RBLAC,Latin America & the Caribbean,1196.0,1357.0,1957437066.0,768257482.0,392.0,Barbados,BRB,BB,2.0,CO,Programme countries,BRB,BB
,,,,,,,,,,,,,,,,,,RBAP,Asia and the Pacific,944.0,1038.0,887831303.0,495208310.0,274.0,Bangkok Regional Hub,BRC,,2.0,HQ,OTH,BRC,
Brunei,Bandar Seri Begawan,Asia,Asia,5765.0,437483.0,BN,BRN,BRN,2024,,,,2.0,SE.ENR.PRSC.FM.ZS,"School enrollment, primary and secondary (gross), gender parity index (GPI)",BN,Brunei Darussalam,,,,,,,,,,,,,,,
Bhutan,Thimphu,Asia,Asia,38394.0,771612.0,BT,BTN,BTN,2024,,,,2.0,SE.ENR.PRSC.FM.ZS,"School enrollment, primary and secondary (gross), gender parity index (GPI)",BT,Bhutan,RBAP,Asia and the Pacific,944.0,1038.0,887831303.0,495208310.0,274.0,Bhutan,BTN,BT,2.0,CO,Programme countries,BTN,
Bouvet Island,,Antarctic,Antarctica,49.0,0.0,BV,BVT,,,,,,,,,,,,,,,,,,,,,,,,,
Botswana,Gaborone,Africa,Africa,582000.0,2351625.0,BW,BWA,BWA,2024,,,,2.0,SE.ENR.PRSC.FM.ZS,"School enrollment, primary and secondary (gross), gender parity index (GPI)",BW,Botswana,RBA,Africa,1584.0,1825.0,1554101323.0,897571035.0,250.0,Botswana,BWA,BW,2.0,CO,Programme countries,BWA,
Central African Republic,Bangui,Africa,Africa,622984.0,4829764.0,CF,CAF,CAF,2024,,,,2.0,SE.ENR.PRSC.FM.ZS,"School enrollment, primary and secondary (gross), gender parity index (GPI)",CF,Central African Republic,RBA,Africa,1584.0,1825.0,1554101323.0,897571035.0,250.0,Central African Republic,CAF,CF,2.0,CO,Programme countries,CAF,
Canada,Ottawa,Americas,North America,9984670.0,38005238.0,CA,CAN,CAN,2024,,,,2.0,SE.ENR.PRSC.FM.ZS,"School enrollment, primary and secondary (gross), gender parity index (GPI)",CA,Canada,,,,,,,,,,,,,,,
Cocos (Keeling) Islands,West Island,Oceania,Asia,14.0,544.0,CC,CCK,,,,,,,,,,,,,,,,,,,,,,,,,
Switzerland,Bern,Europe,Europe,41284.0,8654622.0,CH,CHE,CHE,2024,,,,2.0,SE.ENR.PRSC.FM.ZS,"School enrollment, primary and secondary (gross), gender parity index (GPI)",CH,Switzerland,,,,,,,,,,,,,,,
Chile,Santiago,Americas,South America,756102.0,19116209.0,CL,CHL,CHL,2024,,,,2.0,SE.ENR.PRSC.FM.ZS,"School enrollment, primary and secondary (gross), gender parity index (GPI)",CL,Chile,RBLAC,Latin America & the Caribbean,1196.0,1357.0,1957437066.0,768257482.0,392.0,Chile,CHL,CL,2.0,CO,Programme countries,CHL,
China,Beijing,Asia,Asia,9706961.0,1402112000.0,CN,CHN,CHN,2024,,,,2.0,SE.ENR.PRSC.FM.ZS,"School enrollment, primary and secondary (gross), gender parity index (GPI)",CN,China,RBAP,Asia and the Pacific,944.0,1038.0,887831303.0,495208310.0,274.0,China,CHN,CN,2.0,CO,Programme countries,CHN,
Ivory Coast,Yamoussoukro,Africa,Africa,322463.0,26378275.0,CI,CIV,CIV,2024,,,,2.0,SE.ENR.PRSC.FM.ZS,"School enrollment, primary and secondary (gross), gender parity index (GPI)",CI,Cote d'Ivoire,RBA,Africa,1584.0,1825.0,1554101323.0,897571035.0,250.0,Côte d’Ivoire,CIV,CI,2.0,CO,Programme countries,CIV,
Cameroon,Yaoundé,Africa,Africa,475442.0,26545864.0,CM,CMR,CMR,2024,,,,2.0,SE.ENR.PRSC.FM.ZS,"School enrollment, primary and secondary (gross), gender parity index (GPI)",CM,Cameroon,RBA,Africa,1584.0,1825.0,1554101323.0,897571035.0,250.0,"Cameroon, Republic of",CMR,CM,2.0,CO,Programme countries,CMR,
DR Congo,Kinshasa,Africa,Africa,2344858.0,108407721.0,CD,COD,COD,2024,,,,2.0,SE.ENR.PRSC.FM.ZS,"School enrollment, primary and secondary (gross), gender parity index (GPI)",CD,"Congo, Dem. Rep.",RBA,Africa,1584.0,1825.0,1554101323.0,897571035.0,250.0,Democratic Republic of Congo,COD,CD,2.0,CO,Programme countries,COD,
Republic of the Congo,Brazzaville,Africa,Africa,342000.0,5657000.0,CG,COG,COG,2024,,,,2.0,SE.ENR.PRSC.FM.ZS,"School enrollment, primary and secondary (gross), gender parity index (GPI)",CG,"Congo, Rep.",RBA,Africa,1584.0,1825.0,1554101323.0,897571035.0,250.0,Congo,COG,CG,2.0,CO,Programme countries,COG,
Cook Islands,Avarua,Oceania,Oceania,236.0,18100.0,CK,COK,,,,,,,,,,,RBAP,Asia and the Pacific,944.0,1038.0,887831303.0,495208310.0,274.0,Cook Islands,COK,CK,2.0,CO,Programme countries,COK,WS
Colombia,Bogotá,Americas,South America,1141748.0,50882884.0,CO,COL,COL,2024,,,,2.0,SE.ENR.PRSC.FM.ZS,"School enrollment, primary and secondary (gross), gender parity index (GPI)",CO,Colombia,RBLAC,Latin America & the Caribbean,1196.0,1357.0,1957437066.0,768257482.0,392.0,Colombia,COL,CO,2.0,CO,Programme countries,COL,
Comoros,Moroni,Africa,Africa,1862.0,869595.0,KM,COM,COM,2024,,,,2.0,SE.ENR.PRSC.FM.ZS,"School enrollment, primary and secondary (gross), gender parity index (GPI)",KM,Comoros,RBA,Africa,1584.0,1825.0,1554101323.0,897571035.0,250.0,Comoros,COM,KM,2.0,CO,Programme countries,COM,
Cape Verde,Praia,Africa,Africa,4033.0,555988.0,CV,CPV,CPV,2024,,,,2.0,SE.ENR.PRSC.FM.ZS,"School enrollment, primary and secondary (gross), gender parity index (GPI)",CV,Cabo Verde,RBA,Africa,1584.0,1825.0,1554101323.0,897571035.0,250.0,Cape Verde,CPV,CV,2.0,CO,Programme countries,CPV,
,,,,,,,,,,,,,,,,,,RBAP,Asia and the Pacific,944.0,1038.0,887831303.0,495208310.0,274.0,Rgnl Centre in Colombo (RCC),CRC,,2.0,HQ,OTH,CRC,
Costa Rica,San José,Americas,North America,51100.0,5094114.0,CR,CRI,CRI,2024,,,,2.0,SE.ENR.PRSC.FM.ZS,"School enrollment, primary and secondary (gross), gender parity index (GPI)",CR,Costa Rica,RBLAC,Latin America & the Caribbean,1196.0,1357.0,1957437066.0,768257482.0,392.0,Costa Rica,CRI,CR,2.0,CO,Programme countries,CRI,
Cuba,Havana,Americas,North America,109884.0,11326616.0,CU,CUB,CUB,2024,,,,2.0,SE.ENR.PRSC.FM.ZS,"School enrollment, primary and secondary (gross), gender parity index (GPI)",CU,Cuba,RBLAC,Latin America & the Caribbean,1196.0,1357.0,1957437066.0,768257482.0,392.0,Cuba,CUB,CU,2.0,CO,Programme countries,CUB,
,,,,,,,,,,,,,,,,,,RBLAC,Latin America & the Caribbean,1196.0,1357.0,1957437066.0,768257482.0,392.0,Curacao,CUV,CW,2.0,CO,Non-DAC and non-programme countries,CUV,TT
Curaçao,Willemstad,Americas,North America,444.0,155014.0,CW,CUW,CUW,2024,,,,2.0,SE.ENR.PRSC.FM.ZS,"School enrollment, primary and secondary (gross), gender parity index (GPI)",CW,Curacao,,,,,,,,,,,,,,,
Christmas Island,Flying Fish Cove,Oceania,Asia,135.0,2072.0,CX,CXR,,,,,,,,,,,,,,,,,,,,,,,,,
Cayman Islands,George Town,Americas,North America,264.0,65720.0,KY,CYM,CYM,2024,,,,2.0,SE.ENR.PRSC.FM.ZS,"School enrollment, primary and secondary (gross), gender parity index (GPI)",KY,Cayman Islands,RBLAC,Latin America & the Caribbean,1196.0,1357.0,1957437066.0,768257482.0,392.0,Cayman Islands,CYM,KY,2.0,CO,Programme countries,CYM,JM
Cyprus,Nicosia,Europe,Europe,9251.0,1207361.0,CY,CYP,CYP,2024,,,,2.0,SE.ENR.PRSC.FM.ZS,"School enrollment, primary and secondary (gross), gender parity index (GPI)",CY,Cyprus,RBEC,Europe and CIS,816.0,898.0,907681346.0,568600876.0,215.0,Cyprus,CYP,CY,2.0,CO,Non-DAC and non-programme countries,CYP,
Czechia,Prague,Europe,Europe,78865.0,10698896.0,CZ,CZE,CZE,2024,,,,2.0,SE.ENR.PRSC.FM.ZS,"School enrollment, primary and secondary (gross), gender parity index (GPI)",CZ,Czechia,,,,,,,,,,,,,,,
Germany,Berlin,Europe,Europe,357114.0,83240525.0,DE,DEU,DEU,2024,,,,2.0,SE.ENR.PRSC.FM.ZS,"School enrollment, primary and secondary (gross), gender parity index (GPI)",DE,Germany,,,,,,,,,,,,,,,
Djibouti,Djibouti,Africa,Africa,23200.0,988002.0,DJ,DJI,DJI,2024,,,,2.0,SE.ENR.PRSC.FM.ZS,"School enrollment, primary and secondary (gross), gender parity index (GPI)",DJ,Djibouti,RBAS,Arab States,637.0,770.0,889699202.0,442683911.0,176.0,Djibouti,DJI,DJ,2.0,CO,Programme countries,DJI,
Dominica,Roseau,Americas,North America,751.0,71991.0,DM,DMA,DMA,2024,,,,2.0,SE.ENR.PRSC.FM.ZS,"School enrollment, primary and secondary (gross), gender parity index (GPI)",DM,Dominica,RBLAC,Latin America & the Caribbean,1196.0,1357.0,1957437066.0,768257482.0,392.0,Dominica,DMA,DM,2.0,CO,Programme countries,DMA,BB
Denmark,Copenhagen,Europe,Europe,43094.0,5831404.0,DK,DNK,DNK,2024,,,,2.0,SE.ENR.PRSC.FM.ZS,"School enrollment, primary and secondary (gross), gender parity index (GPI)",DK,Denmark,,,,,,,,,,,,,,,
Dominican Republic,Santo Domingo,Americas,North America,48671.0,10847904.0,DO,DOM,DOM,2024,,,,2.0,SE.ENR.PRSC.FM.ZS,"School enrollment, primary and secondary (gross), gender parity index (GPI)",DO,Dominican Republic,RBLAC,Latin America & the Caribbean,1196.0,1357.0,1957437066.0,768257482.0,392.0,Dominican Republic,DOM,DO,2.0,CO,Programme countries,DOM,
Algeria,Algiers,Africa,Africa,2381741.0,44700000.0,DZ,DZA,DZA,2024,,,,2.0,SE.ENR.PRSC.FM.ZS,"School enrollment, primary and secondary (gross), gender parity index (GPI)",DZ,Algeria,RBAS,Arab States,637.0,770.0,889699202.0,442683911.0,176.0,Algeria,DZA,DZ,2.0,CO,Programme countries,DZA,
Ecuador,Quito,Americas,South America,276841.0,17643060.0,EC,ECU,ECU,2024,,,,2.0,SE.ENR.PRSC.FM.ZS,"School enrollment, primary and secondary (gross), gender parity index (GPI)",EC,Ecuador,RBLAC,Latin America & the Caribbean,1196.0,1357.0,1957437066.0,768257482.0,392.0,Ecuador,ECU,EC,2.0,CO,Programme countries,ECU,
Egypt,Cairo,Africa,Africa,1002450.0,102334403.0,EG,EGY,EGY,2024,,,,2.0,SE.ENR.PRSC.FM.ZS,"School enrollment, primary and secondary (gross), gender parity index (GPI)",EG,"Egypt, Arab Rep.",RBAS,Arab States,637.0,770.0,889699202.0,442683911.0,176.0,Egypt,EGY,EG,2.0,CO,Programme countries,EGY,
Eritrea,Asmara,Africa,Africa,117600.0,5352000.0,ER,ERI,ERI,2024,,,,2.0,SE.ENR.PRSC.FM.ZS,"School enrollment, primary and secondary (gross), gender parity index (GPI)",ER,Eritrea,RBA,Africa,1584.0,1825.0,1554101323.0,897571035.0,250.0,Eritrea,ERI,ER,2.0,CO,Programme countries,ERI,
Western Sahara,El Aaiún,Africa,Africa,266000.0,510713.0,EH,ESH,,,,,,,,,,,,,,,,,,,,,,,,,
Spain,Madrid,Europe,Europe,505992.0,47351567.0,ES,ESP,ESP,2024,,,,2.0,SE.ENR.PRSC.FM.ZS,"School enrollment, primary and secondary (gross), gender parity index (GPI)",ES,Spain,,,,,,,,,,,,,,,
Estonia,Tallinn,Europe,Europe,45227.0,1331057.0,EE,EST,EST,2024,,,,2.0,SE.ENR.PRSC.FM.ZS,"School enrollment, primary and secondary (gross), gender parity index (GPI)",EE,Estonia,,,,,,,,,,,,,,,
Ethiopia,Addis Ababa,Africa,Africa,1104300.0,114963583.0,ET,ETH,ETH,2024,,,,2.0,SE.ENR.PRSC.FM.ZS,"School enrollment, primary and secondary (gross), gender parity index (GPI)",ET,Ethiopia,RBA,Africa,1584.0,1825.0,1554101323.0,897571035.0,250.0,Ethiopia,ETH,ET,2.0,CO,Programme countries,ETH,
Finland,Helsinki,Europe,Europe,338424.0,5530719.0,FI,FIN,FIN,2024,,,,2.0,SE.ENR.PRSC.FM.ZS,"School enrollment, primary and secondary (gross), gender parity index (GPI)",FI,Finland,,,,,,,,,,,,,,,
Fiji,Suva,Oceania,Oceania,18272.0,896444.0,FJ,FJI,FJI,2024,,,,2.0,SE.ENR.PRSC.FM.ZS,"School enrollment, primary and secondary (gross), gender parity index (GPI)",FJ,Fiji,RBAP,Asia and the Pacific,944.0,1038.0,887831303.0,495208310.0,274.0,Fiji,FJI,FJ,2.0,CO,Programme countries,FJI,FJ
Falkland Islands,Stanley,Americas,South America,12173.0,2563.0,FK,FLK,,,,,,,,,,,,,,,,,,,,,,,,,
France,Paris,Europe,Europe,551695.0,67391582.0,FR,FRA,FRA,2024,,,,2.0,SE.ENR.PRSC.FM.ZS,"School enrollment, primary and secondary (gross), gender parity index (GPI)",FR,France,,,,,,,,,,,,,,,
Faroe Islands,Tórshavn,Europe,Europe,1393.0,48865.0,FO,FRO,FRO,2024,,,,2.0,SE.ENR.PRSC.FM.ZS,"School enrollment, primary and secondary (gross), gender parity index (GPI)",FO,Faroe Islands,,,,,,,,,,,,,,,
Micronesia,Palikir,Oceania,Oceania,702.0,115021.0,FM,FSM,FSM,2024,,,,2.0,SE.ENR.PRSC.FM.ZS,"School enrollment, primary and secondary (gross), gender parity index (GPI)",FM,"Micronesia, Fed. Sts.",RBAP,Asia and the Pacific,944.0,1038.0,887831303.0,495208310.0,274.0,"Micronesia, Federated Statesof",FSM,FM,2.0,CO,Programme countries,FSM,FJ
Gabon,Libreville,Africa,Africa,267668.0,2225728.0,GA,GAB,GAB,2024,,,,2.0,SE.ENR.PRSC.FM.ZS,"School enrollment, primary and secondary (gross), gender parity index (GPI)",GA,Gabon,RBA,Africa,1584.0,1825.0,1554101323.0,897571035.0,250.0,Gabon,GAB,GA,2.0,CO,Programme countries,GAB,
United Kingdom,London,Europe,Europe,242900.0,67215293.0,GB,GBR,GBR,2024,,,,2.0,SE.ENR.PRSC.FM.ZS,"School enrollment, primary and secondary (gross), gender parity index (GPI)",GB,United Kingdom,,,,,,,,,,,,,,,
Georgia,Tbilisi,Asia,Asia,69700.0,3714000.0,GE,GEO,GEO,2024,,,,2.0,SE.ENR.PRSC.FM.ZS,"School enrollment, primary and secondary (gross), gender parity index (GPI)",GE,Georgia,RBEC,Europe and CIS,816.0,898.0,907681346.0,568600876.0,215.0,Georgia,GEO,GE,2.0,CO,Programme countries,GEO,
Guernsey,St. Peter Port,Europe,Europe,78.0,62999.0,GG,GGY,,,,,,,,,,,,,,,,,,,,,,,,,
Ghana,Accra,Africa,Africa,238533.0,31072945.0,GH,GHA,GHA,2024,,,,2.0,SE.ENR.PRSC.FM.ZS,"School enrollment, primary and secondary (gross), gender parity index (GPI)",GH,Ghana,RBA,Africa,1584.0,1825.0,1554101323.0,897571035.0,250.0,Ghana,GHA,GH,2.0,CO,Programme countries,GHA,
Gibraltar,Gibraltar,Europe,Europe,6.0,33691.0,GI,GIB,GIB,2024,,,,2.0,SE.ENR.PRSC.FM.ZS,"School enrollment, primary and secondary (gross), gender parity index (GPI)",GI,Gibraltar,,,,,,,,,,,,,,,
Guinea,Conakry,Africa,Africa,245857.0,13132792.0,GN,GIN,GIN,2024,,,,2.0,SE.ENR.PRSC.FM.ZS,"School enrollment, primary and secondary (gross), gender parity index (GPI)",GN,Guinea,RBA,Africa,1584.0,1825.0,1554101323.0,897571035.0,250.0,Guinea,GIN,GN,2.0,CO,Programme countries,GIN,
Guadeloupe,Basse-Terre,Americas,North America,1628.0,400132.0,GP,GLP,,,,,,,,,,,,,,,,,,,,,,,,,
Gambia,Banjul,Africa,Africa,10689.0,2416664.0,GM,GMB,GMB,2024,,,,2.0,SE.ENR.PRSC.FM.ZS,"School enrollment, primary and secondary (gross), gender parity index (GPI)",GM,"Gambia, The",RBA,Africa,1584.0,1825.0,1554101323.0,897571035.0,250.0,Gambia,GMB,GM,2.0,CO,Programme countries,GMB,
Guinea-Bissau,Bissau,Africa,Africa,36125.0,1967998.0,GW,GNB,GNB,2024,,,,2.0,SE.ENR.PRSC.FM.ZS,"School enrollment, primary and secondary (gross), gender parity index (GPI)",GW,Guinea-Bissau,RBA,Africa,1584.0,1825.0,1554101323.0,897571035.0,250.0,Guinea-Bissau,GNB,GW,2.0,CO,Programme countries,GNB,
Equatorial Guinea,Malabo,Africa,Africa,28051.0,1402985.0,GQ,GNQ,GNQ,2024,,,,2.0,SE.ENR.PRSC.FM.ZS,"School enrollment, primary and secondary (gross), gender parity index (GPI)",GQ,Equatorial Guinea,RBA,Africa,1584.0,1825.0,1554101323.0,897571035.0,250.0,Equatorial Guinea,GNQ,GQ,2.0,CO,Programme countries,GNQ,
Greece,Athens,Europe,Europe,131990.0,10715549.0,GR,GRC,GRC,2024,,,,2.0,SE.ENR.PRSC.FM.ZS,"School enrollment, primary and secondary (gross), gender parity index (GPI)",GR,Greece,,,,,,,,,,,,,,,
Grenada,St. George's,Americas,North America,344.0,112519.0,GD,GRD,GRD,2024,,,,2.0,SE.ENR.PRSC.FM.ZS,"School enrollment, primary and secondary (gross), gender parity index (GPI)",GD,Grenada,RBLAC,Latin America & the Caribbean,1196.0,1357.0,1957437066.0,768257482.0,392.0,Grenada,GRD,GD,2.0,CO,Programme countries,GRD,BB
Greenland,Nuuk,Americas,North America,2166086.0,56367.0,GL,GRL,GRL,2024,,,,2.0,SE.ENR.PRSC.FM.ZS,"School enrollment, primary and secondary (gross), gender parity index (GPI)",GL,Greenland,,,,,,,,,,,,,,,
Guatemala,Guatemala City,Americas,North America,108889.0,16858333.0,GT,GTM,GTM,2024,,,,2.0,SE.ENR.PRSC.FM.ZS,"School enrollment, primary and secondary (gross), gender parity index (GPI)",GT,Guatemala,RBLAC,Latin America & the Caribbean,1196.0,1357.0,1957437066.0,768257482.0,392.0,Guatemala,GTM,GT,2.0,CO,Programme countries,GTM,
French Guiana,Cayenne,Americas,South America,83534.0,254541.0,GF,GUF,,,,,,,,,,,,,,,,,,,,,,,,,
Guam,Hagåtña,Oceania,Oceania,549.0,168783.0,GU,GUM,GUM,2024,,,,2.0,SE.ENR.PRSC.FM.ZS,"School enrollment, primary and secondary (gross), gender parity index (GPI)",GU,Guam,,,,,,,,,,,,,,,
Guyana,Georgetown,Americas,South America,214969.0,786559.0,GY,GUY,GUY,2024,,,,2.0,SE.ENR.PRSC.FM.ZS,"School enrollment, primary and secondary (gross), gender parity index (GPI)",GY,Guyana,RBLAC,Latin America & the Caribbean,1196.0,1357.0,1957437066.0,768257482.0,392.0,Guyana,GUY,GY,2.0,CO,Programme countries,GUY,
,,,,,,,,,,,,,,,,,,RBA,Africa,1584.0,1825.0,1554101323.0,897571035.0,250.0,Reg Bureau for Africa,H01,,2.0,HQ,OTH,H01,
,,,,,,,,,,,,,,,,,,RBEC,Europe and CIS,816.0,898.0,907681346.0,568600876.0,215.0,Reg Bur for Europe & CIS,H02,,2.0,HQ,OTH,H02,
,,,,,,,,,,,,,,,,,,RBLAC,Latin America & the Caribbean,1196.0,1357.0,1957437066.0,768257482.0,392.0,Reg Bur Latin Amer & Carib,H03,,2.0,HQ,OTH,H03,
,,,,,,,,,,,,,,,,,,RBAP,Asia and the Pacific,944.0,1038.0,887831303.0,495208310.0,274.0,Reg Bureau for Asia & Pacific,H04,,2.0,HQ,OTH,H04,
,,,,,,,,,,,,,,,,,,RBAS,Arab States,637.0,770.0,889699202.0,442683911.0,176.0,Reg Bur for Arab States,H05,,2.0,HQ,OTH,H05,
,,,,,,,,,,,,,,,,,,GLOBAL,Global and Others,261.0,523.0,516187930.0,252282556.0,185.0,BCPR,H10,,2.0,HQ,OTH,H10,
,,,,,,,,,,,,,,,,,,GLOBAL,Global and Others,261.0,523.0,516187930.0,252282556.0,185.0,Evaluation Office,H11,,2.0,HQ,OTH,H11,
,,,,,,,,,,,,,,,,,,GLOBAL,Global and Others,261.0,523.0,516187930.0,252282556.0,185.0,Inter-Agency Procurmnt Srvc Of,H12,,2.0,HQ,OTH,H12,
,,,,,,,,,,,,,,,,,,GLOBAL,Global and Others,261.0,523.0,516187930.0,252282556.0,185.0,Executive Office,H13,,2.0,HQ,OTH,H13,
,,,,,,,,,,,,,,,,,,GLOBAL,Global and Others,261.0,523.0,516187930.0,252282556.0,185.0,Ofc of Audit and Investigation,H14,,2.0,HQ,OTH,H14,
,,,,,,,,,,,,,,,,,,GLOBAL,Global and Others,261.0,523.0,516187930.0,252282556.0,185.0,Office of Planning & Budgeting,H15,,2.0,HQ,OTH,H15,
,,,,,,,,,,,,,,,,,,GLOBAL,Global and Others,261.0,523.0,516187930.0,252282556.0,185.0,Office of Finance,H17,,2.0,HQ,OTH,H17,
,,,,,,,,,,,,,,,,,,GLOBAL,Global and Others,261.0,523.0,516187930.0,252282556.0,185.0,Office of Human Resources,H18,,2.0,HQ,OTH,H18,
,,,,,,,,,,,,,,,,,,GLOBAL,Global and Others,261.0,523.0,516187930.0,252282556.0,185.0,Office of Procurement,H19,,2.0,HQ,OTH,H19,
,,,,,,,,,,,,,,,,,,GLOBAL,Global and Others,261.0,523.0,516187930.0,252282556.0,185.0,Operations Support Group,H20,,2.0,HQ,OTH,H20,
,,,,,,,,,,,,,,,,,,GLOBAL,Global and Others,261.0,523.0,516187930.0,252282556.0,185.0,Bureau for Dev. Policy,H21,,2.0,HQ,OTH,H21,
,,,,,,,,,,,,,,,,,,GLOBAL,Global and Others,261.0,523.0,516187930.0,252282556.0,185.0,BMS Directorate,H22,,2.0,HQ,OTH,H22,
,,,,,,,,,,,,,,,,,,GLOBAL,Global and Others,261.0,523.0,516187930.0,252282556.0,185.0,BERA HQ,H23,,2.0,HQ,OTH,H23,
,,,,,,,,,,,,,,,,,,GLOBAL,Global and Others,261.0,523.0,516187930.0,252282556.0,185.0,BERA Geneva RO,H24,,2.0,HQ,OTH,H24,
,,,,,,,,,,,,,,,,,,GLOBAL,Global and Others,261.0,523.0,516187930.0,252282556.0,185.0,BERA Tokyo RO,H25,,2.0,HQ,OTH,H25,
,,,,,,,,,,,,,,,,,,GLOBAL,Global and Others,261.0,523.0,516187930.0,252282556.0,185.0,BERA Washington RO,H26,,2.0,HQ,OTH,H26,
,,,,,,,,,,,,,,,,,,GLOBAL,Global and Others,261.0,523.0,516187930.0,252282556.0,185.0,BERA Brussels RO,H27,,2.0,HQ,OTH,H27,
,,,,,,,,,,,,,,,,,,GLOBAL,Global and Others,261.0,523.0,516187930.0,252282556.0,185.0,BERA Copenhagen RO,H28,,2.0,HQ,OTH,H28,
,,,,,,,,,,,,,,,,,,GLOBAL,Global and Others,261.0,523.0,516187930.0,252282556.0,185.0,BMS General Operations,H29,,2.0,HQ,OTH,H29,
,,,,,,,,,,,,,,,,,,GLOBAL,Global and Others,261.0,523.0,516187930.0,252282556.0,185.0,Management Consulting Team-BOM,H30,,2.0,HQ,OTH,H30,
,,,,,,,,,,,,,,,,,,GLOBAL,Global and Others,261.0,523.0,516187930.0,252282556.0,185.0,Procurement Oversight,H31,,2.0,HQ,OTH,H31,
,,,,,,,,,,,,,,,,,,GLOBAL,Global and Others,261.0,523.0,516187930.0,252282556.0,185.0,Office of Financial Management,H35,,2.0,HQ,OTH,H35,
,,,,,,,,,,,,,,,,,,GLOBAL,Global and Others,261.0,523.0,516187930.0,252282556.0,185.0,"Office of Legal,Tech&Sourcing",H37,,2.0,HQ,OTH,H37,
,,,,,,,,,,,,,,,,,,GLOBAL,Global and Others,261.0,523.0,516187930.0,252282556.0,185.0,BMS Cross Department Expense,H38,,2.0,HQ,OTH,H38,
,,,,,,,,,,,,,,,,,,GLOBAL,Global and Others,261.0,523.0,516187930.0,252282556.0,185.0,Global Shared Services Center,H39,,2.0,HQ,OTH,H39,
,,,,,,,,,,,,,,,,,,GLOBAL,Global and Others,261.0,523.0,516187930.0,252282556.0,185.0,Communications Office,H41,,2.0,HQ,OTH,H41,
,,,,,,,,,,,,,,,,,,GLOBAL,Global and Others,261.0,523.0,516187930.0,252282556.0,185.0,Spcl Unit for South South Coop,H42,,2.0,HQ,OTH,H42,
,,,,,,,,,,,,,,,,,,GLOBAL,Global and Others,261.0,523.0,516187930.0,252282556.0,185.0,Human Development Report Ofc,H43,,2.0,HQ,OTH,H43,
,,,,,,,,,,,,,,,,,,GLOBAL,Global and Others,261.0,523.0,516187930.0,252282556.0,185.0,UNDP News,H44,,2.0,HQ,OTH,H44,
,,,,,,,,,,,,,,,,,,GLOBAL,Global and Others,261.0,523.0,516187930.0,252282556.0,185.0,UN Developmt Coordination Unit,H45,,2.0,HQ,OTH,H45,
,,,,,,,,,,,,,,,,,,GLOBAL,Global and Others,261.0,523.0,516187930.0,252282556.0,185.0,Security Office,H46,,2.0,HQ,OTH,H46,
,,,,,,,,,,,,,,,,,,GLOBAL,Global and Others,261.0,523.0,516187930.0,252282556.0,185.0,Corporate Business Solutions,H47,,2.0,HQ,OTH,H47,
,,,,,,,,,,,,,,,,,,GLOBAL,Global and Others,261.0,523.0,516187930.0,252282556.0,185.0,Information &Technology Management,H48,,2.0,HQ,OTH,H48,
,,,,,,,,,,,,,,,,,,GLOBAL,Global and Others,261.0,523.0,516187930.0,252282556.0,185.0,Staff Council Secretariat,H49,,2.0,HQ,OTH,H49,
,,,,,,,,,,,,,,,,,,GLOBAL,Global and Others,261.0,523.0,516187930.0,252282556.0,185.0,Office of Ombudsman,H51,,2.0,HQ,OTH,H51,
,,,,,,,,,,,,,,,,,,GLOBAL,Global and Others,261.0,523.0,516187930.0,252282556.0,185.0,Non Specific HQ,H52,,2.0,HQ,OTH,H52,
,,,,,,,,,,,,,,,,,,GLOBAL,Global and Others,261.0,523.0,516187930.0,252282556.0,185.0,Non Specific CO,H53,,2.0,HQ,OTH,H53,
,,,,,,,,,,,,,,,,,,GLOBAL,Global and Others,261.0,523.0,516187930.0,252282556.0,185.0,Office for Development Studies,H54,,2.0,HQ,OTH,H54,
,,,,,,,,,,,,,,,,,,GLOBAL,Global and Others,261.0,523.0,516187930.0,252282556.0,185.0,Office of Legal Support,H56,,2.0,HQ,OTH,H56,
,,,,,,,,,,,,,,,,,,GLOBAL,Global and Others,261.0,523.0,516187930.0,252282556.0,185.0,Ethics Office,H57,,2.0,HQ,OTH,H57,
,,,,,,,,,,,,,,,,,,GLOBAL,Global and Others,261.0,523.0,516187930.0,252282556.0,185.0,GFATM unit,H58,,2.0,HQ,OTH,H58,
,,,,,,,,,,,,,,,,,,GLOBAL,Global and Others,261.0,523.0,516187930.0,252282556.0,185.0,UN Capital Development  Fund,H59,,2.0,HQ,OTH,H59,
,,,,,,,,,,,,,,,,,,GLOBAL,Global and Others,261.0,523.0,516187930.0,252282556.0,185.0,Multi Partner Trust Fund Off,H61,,2.0,HQ,OTH,H61,
,,,,,,,,,,,,,,,,,,GLOBAL,Global and Others,261.0,523.0,516187930.0,252282556.0,185.0,PB/South Korea Liaison Office,H62,,2.0,HQ,OTH,H62,
,,,,,,,,,,,,,,,,,,GLOBAL,Global and Others,261.0,523.0,516187930.0,252282556.0,185.0,BERA//IICPSD Istanbul,H63,,2.0,HQ,OTH,H63,
,,,,,,,,,,,,,,,,,,GLOBAL,Global and Others,261.0,523.0,516187930.0,252282556.0,185.0,BERA Germany RO,H64,,2.0,HQ,OTH,H64,
,,,,,,,,,,,,,,,,,,GLOBAL,Global and Others,261.0,523.0,516187930.0,252282556.0,185.0,Bureau Policy & Prog Support,H70,,2.0,HQ,OTH,H70,
,,,,,,,,,,,,,,,,,,GLOBAL,Global and Others,261.0,523.0,516187930.0,252282556.0,185.0,Crisis Bureau,H71,,2.0,HQ,OTH,H71,
,,,,,,,,,,,,,,,,,,GLOBAL,Global and Others,261.0,523.0,516187930.0,252282556.0,185.0,Funding Windows,H72,,2.0,HQ,OTH,H72,
,,,,,,,,,,,,,,,,,,GLOBAL,Global and Others,261.0,523.0,516187930.0,252282556.0,185.0,"Office of Budget, Performance and Compliance",H73,,2.0,HQ,OTH,H73,
Hong Kong,City of Victoria,Asia,Asia,1104.0,7500700.0,HK,HKG,HKG,2024,,,,2.0,SE.ENR.PRSC.FM.ZS,"School enrollment, primary and secondary (gross), gender parity index (GPI)",HK,"Hong Kong SAR, China",,,,,,,,,,,,,,,
Heard Island and McDonald Islands,,Antarctic,Antarctica,412.0,0.0,HM,HMD,,,,,,,,,,,,,,,,,,,,,,,,,
Honduras,Tegucigalpa,Americas,North America,112492.0,9904608.0,HN,HND,HND,2024,,,,2.0,SE.ENR.PRSC.FM.ZS,"School enrollment, primary and secondary (gross), gender parity index (GPI)",HN,Honduras,RBLAC,Latin America & the Caribbean,1196.0,1357.0,1957437066.0,768257482.0,392.0,Honduras,HND,HN,2.0,CO,Programme countries,HND,
Croatia,Zagreb,Europe,Europe,56594.0,4047200.0,HR,HRV,HRV,2024,,,,2.0,SE.ENR.PRSC.FM.ZS,"School enrollment, primary and secondary (gross), gender parity index (GPI)",HR,Croatia,RBEC,Europe and CIS,816.0,898.0,907681346.0,568600876.0,215.0,Croatia,HRV,HR,2.0,CO,Non-DAC and non-programme countries,HRV,
Haiti,Port-au-Prince,Americas,North America,27750.0,11402533.0,HT,HTI,HTI,2024,,,,2.0,SE.ENR.PRSC.FM.ZS,"School enrollment, primary and secondary (gross), gender parity index (GPI)",HT,Haiti,RBLAC,Latin America & the Caribbean,1196.0,1357.0,1957437066.0,768257482.0,392.0,Haiti,HTI,HT,2.0,CO,Programme countries,HTI,
Hungary,Budapest,Europe,Europe,93028.0,9749763.0,HU,HUN,HUN,2024,,,,2.0,SE.ENR.PRSC.FM.ZS,"School enrollment, primary and secondary (gross), gender parity index (GPI)",HU,Hungary,,,,,,,,,,,,,,,
Indonesia,Jakarta,Asia,Asia,1904569.0,273523621.0,ID,IDN,IDN,2024,,,,2.0,SE.ENR.PRSC.FM.ZS,"School enrollment, primary and secondary (gross), gender parity index (GPI)",ID,Indonesia,RBAP,Asia and the Pacific,944.0,1038.0,887831303.0,495208310.0,274.0,Indonesia,IDN,ID,2.0,CO,Programme countries,IDN,
Isle of Man,Douglas,Europe,Europe,572.0,85032.0,IM,IMN,IMN,2024,,,,2.0,SE.ENR.PRSC.FM.ZS,"School enrollment, primary and secondary (gross), gender parity index (GPI)",IM,Isle of Man,,,,,,,,,,,,,,,
India,New Delhi,Asia,Asia,3287590.0,1380004385.0,IN,IND,IND,2024,,,,2.0,SE.ENR.PRSC.FM.ZS,"School enrollment, primary and secondary (gross), gender parity index (GPI)",IN,India,RBAP,Asia and the Pacific,944.0,1038.0,887831303.0,495208310.0,274.0,India,IND,IN,2.0,CO,Programme countries,IND,
British Indian Ocean Territory,Diego Garcia,Africa,Asia,60.0,3000.0,IO,IOT,,,,,,,,,,,,,,,,,,,,,,,,,
,,,,,,,,,,,,,,,,,,RBEC,Europe and CIS,816.0,898.0,907681346.0,568600876.0,215.0,Istanbul Regional Hub,IRH,SK,2.0,HQ,OTH,IRH,
Ireland,Dublin,Europe,Europe,70273.0,4994724.0,IE,IRL,IRL,2024,,,,2.0,SE.ENR.PRSC.FM.ZS,"School enrollment, primary and secondary (gross), gender parity index (GPI)",IE,Ireland,,,,,,,,,,,,,,,
Iran,Tehran,Asia,Asia,1648195.0,83992953.0,IR,IRN,IRN,2024,,,,2.0,SE.ENR.PRSC.FM.ZS,"School enrollment, primary and secondary (gross), gender parity index (GPI)",IR,"Iran, Islamic Rep.",RBAP,Asia and the Pacific,944.0,1038.0,887831303.0,495208310.0,274.0,"Iran, Islamic Republic of",IRN,IR,2.0,CO,Programme countries,IRN,
Iraq,Baghdad,Asia,Asia,438317.0,40222503.0,IQ,IRQ,IRQ,2024,,,,2.0,SE.ENR.PRSC.FM.ZS,"School enrollment, primary and secondary (gross), gender parity index (GPI)",IQ,Iraq,RBAS,Arab States,637.0,770.0,889699202.0,442683911.0,176.0,Iraq,IRQ,IQ,2.0,CO,Programme countries,IRQ,
Iceland,Reykjavik,Europe,Europe,103000.0,366425.0,IS,ISL,ISL,2024,,,,2.0,SE.ENR.PRSC.FM.ZS,"School enrollment, primary and secondary (gross), gender parity index (GPI)",IS,Iceland,,,,,,,,,,,,,,,
Israel,Jerusalem,Asia,Asia,20770.0,9216900.0,IL,ISR,ISR,2024,,,,2.0,SE.ENR.PRSC.FM.ZS,"School enrollment, primary and secondary (gross), gender parity index (GPI)",IL,Israel,,,,,,,,,,,,,,,
Italy,Rome,Europe,Europe,301336.0,59554023.0,IT,ITA,ITA,2024,,,,2.0,SE.ENR.PRSC.FM.ZS,"School enrollment, primary and secondary (gross), gender parity index (GPI)",IT,Italy,,,,,,,,,,,,,,,
Jamaica,Kingston,Americas,North America,10991.0,2961161.0,JM,JAM,JAM,2024,,,,2.0,SE.ENR.PRSC.FM.ZS,"School enrollment, primary and secondary (gross), gender parity index (GPI)",JM,Jamaica,RBLAC,Latin America & the Caribbean,1196.0,1357.0,1957437066.0,768257482.0,392.0,Jamaica,JAM,JM,2.0,CO,Programme countries,JAM,JM
Jersey,Saint Helier,Europe,Europe,116.0,100800.0,JE,JEY,,,,,,,,,,,,,,,,,,,,,,,,,
Jordan,Amman,Asia,Asia,89342.0,10203140.0,JO,JOR,JOR,2024,,,,2.0,SE.ENR.PRSC.FM.ZS,"School enrollment, primary and secondary (gross), gender parity index (GPI)",JO,Jordan,RBAS,Arab States,637.0,770.0,889699202.0,442683911.0,176.0,Jordan,JOR,JO,2.0,CO,Programme countries,JOR,
Japan,Tokyo,Asia,Asia,377930.0,125836021.0,JP,JPN,JPN,2024,,,,2.0,SE.ENR.PRSC.FM.ZS,"School enrollment, primary and secondary (gross), gender parity index (GPI)",JP,Japan,,,,,,,,,,,,,,,
Kazakhstan,Astana,Asia,Asia,2724900.0,18754440.0,KZ,KAZ,KAZ,2024,,,,2.0,SE.ENR.PRSC.FM.ZS,"School enrollment, primary and secondary (gross), gender parity index (GPI)",KZ,Kazakhstan,RBEC,Europe and CIS,816.0,898.0,907681346.0,568600876.0,215.0,Kazakhstan,KAZ,KZ,2.0,CO,Programme countries,KAZ,
Kenya,Nairobi,Africa,Africa,580367.0,53771300.0,KE,KEN,KEN,2024,,,,2.0,SE.ENR.PRSC.FM.ZS,"School enrollment, primary and secondary (gross), gender parity index (GPI)",KE,Kenya,RBA,Africa,1584.0,1825.0,1554101323.0,897571035.0,250.0,Kenya,KEN,KE,2.0,CO,Programme countries,KEN,
Kyrgyzstan,Bishkek,Asia,Asia,199951.0,6591600.0,KG,KGZ,KGZ,2024,,,,2.0,SE.ENR.PRSC.FM.ZS,"School enrollment, primary and secondary (gross), gender parity index (GPI)",KG,Kyrgyz Republic,RBEC,Europe and CIS,816.0,898.0,907681346.0,568600876.0,215.0,Kyrgyzstan,KGZ,KG,2.0,CO,Programme countries,KGZ,
Cambodia,Phnom Penh,Asia,Asia,181035.0,16718971.0,KH,KHM,KHM,2024,,,,2.0,SE.ENR.PRSC.FM.ZS,"School enrollment, primary and secondary (gross), gender parity index (GPI)",KH,Cambodia,RBAP,Asia and the Pacific,944.0,1038.0,887831303.0,495208310.0,274.0,Cambodia,KHM,KH,2.0,CO,Programme countries,KHM,
Kiribati,South Tarawa,Oceania,Oceania,811.0,119446.0,KI,KIR,KIR,2024,,,,2.0,SE.ENR.PRSC.FM.ZS,"School enrollment, primary and secondary (gross), gender parity index (GPI)",KI,Kiribati,RBAP,Asia and the Pacific,944.0,1038.0,887831303.0,495208310.0,274.0,Kiribati,KIR,KI,2.0,CO,Programme countries,KIR,FJ
Saint Kitts and Nevis,Basseterre,Americas,North America,261.0,53192.0,KN,KNA,KNA,2024,,,,2.0,SE.ENR.PRSC.FM.ZS,"School enrollment, primary and secondary (gross), gender parity index (GPI)",KN,St. Kitts and Nevis,RBLAC,Latin America & the Caribbean,1196.0,1357.0,1957437066.0,768257482.0,392.0,St. Kitts and Nevis,KNA,KN,2.0,CO,Programme countries,KNA,BB
South Korea,Seoul,Asia,Asia,100210.0,51780579.0,KR,KOR,KOR,2024,,,,2.0,SE.ENR.PRSC.FM.ZS,"School enrollment, primary and secondary (gross), gender parity index (GPI)",KR,"Korea, Rep.",RBAP,Asia and the Pacific,944.0,1038.0,887831303.0,495208310.0,274.0,"Korea, Republic of",KOR,KR,2.0,CO,OECD-DAC countries,KOR,
,,,,,,,,,,,,,,,,,,RBEC,Europe and CIS,816.0,898.0,907681346.0,568600876.0,215.0,Kosovo (As per UNSCR 1244),KOS,XK,2.0,CO,Programme countries,KOS,
Kuwait,Kuwait City,Asia,Asia,17818.0,4270563.0,KW,KWT,KWT,2024,,,,2.0,SE.ENR.PRSC.FM.ZS,"School enrollment, primary and secondary (gross), gender parity index (GPI)",KW,Kuwait,RBAS,Arab States,637.0,770.0,889699202.0,442683911.0,176.0,Kuwait,KWT,KW,2.0,CO,Programme countries,KWT,
Laos,Vientiane,Asia,Asia,236800.0,7275556.0,LA,LAO,LAO,2024,,,,2.0,SE.ENR.PRSC.FM.ZS,"School enrollment, primary and secondary (gross), gender parity index (GPI)",LA,Lao PDR,RBAP,Asia and the Pacific,944.0,1038.0,887831303.0,495208310.0,274.0,Lao People's Democratic Republ,LAO,LA,2.0,CO,Programme countries,LAO,
Lebanon,Beirut,Asia,Asia,10452.0,6825442.0,LB,LBN,LBN,2024,,,,2.0,SE.ENR.PRSC.FM.ZS,"School enrollment, primary and secondary (gross), gender parity index (GPI)",LB,Lebanon,RBAS,Arab States,637.0,770.0,889699202.0,442683911.0,176.0,Lebanon,LBN,LB,2.0,CO,Programme countries,LBN,
Liberia,Monrovia,Africa,Africa,111369.0,5057677.0,LR,LBR,LBR,2024,,,,2.0,SE.ENR.PRSC.FM.ZS,"School enrollment, primary and secondary (gross), gender parity index (GPI)",LR,Liberia,RBA,Africa,1584.0,1825.0,1554101323.0,897571035.0,250.0,Liberia,LBR,LR,2.0,CO,Programme countries,LBR,
Libya,Tripoli,Africa,Africa,1759540.0,6871287.0,LY,LBY,LBY,2024,,,,2.0,SE.ENR.PRSC.FM.ZS,"School enrollment, primary and secondary (gross), gender parity index (GPI)",LY,Libya,RBAS,Arab States,637.0,770.0,889699202.0,442683911.0,176.0,Libya,LBY,LY,2.0,CO,Programme countries,LBY,
Saint Lucia,Castries,Americas,North America,616.0,183629.0,LC,LCA,LCA,2024,,,,2.0,SE.ENR.PRSC.FM.ZS,"School enrollment, primary and secondary (gross), gender parity index (GPI)",LC,St. Lucia,RBLAC,Latin America & the Caribbean,1196.0,1357.0,1957437066.0,768257482.0,392.0,St. Lucia,LCA,LC,2.0,CO,Programme countries,LCA,BB
Liechtenstein,Vaduz,Europe,Europe,160.0,38137.0,LI,LIE,LIE,2024,,,,2.0,SE.ENR.PRSC.FM.ZS,"School enrollment, primary and secondary (gross), gender parity index (GPI)",LI,Liechtenstein,,,,,,,,,,,,,,,
Sri Lanka,Sri Jayawardenepura Kotte,Asia,Asia,65610.0,21919000.0,LK,LKA,LKA,2024,,,,2.0,SE.ENR.PRSC.FM.ZS,"School enrollment, primary and secondary (gross), gender parity index (GPI)",LK,Sri Lanka,RBAP,Asia and the Pacific,944.0,1038.0,887831303.0,495208310.0,274.0,Sri Lanka,LKA,LK,2.0,CO,Programme countries,LKA,
Lesotho,Maseru,Africa,Africa,30355.0,2142252.0,LS,LSO,LSO,2024,,,,2.0,SE.ENR.PRSC.FM.ZS,"School enrollment, primary and secondary (gross), gender parity index (GPI)",LS,Lesotho,RBA,Africa,1584.0,1825.0,1554101323.0,897571035.0,250.0,Lesotho,LSO,LS,2.0,CO,Programme countries,LSO,
Lithuania,Vilnius,Europe,Europe,65300.0,2794700.0,LT,LTU,LTU,2024,,,,2.0,SE.ENR.PRSC.FM.ZS,"School enrollment, primary and secondary (gross), gender parity index (GPI)",LT,Lithuania,RBEC,Europe and CIS,816.0,898.0,907681346.0,568600876.0,215.0,"Lithuania, Republic of",LTU,LT,2.0,CO,Non-DAC and non-programme countries,LTU,
Luxembourg,Luxembourg,Europe,Europe,2586.0,632275.0,LU,LUX,LUX,2024,,,,2.0,SE.ENR.PRSC.FM.ZS,"School enrollment, primary and secondary (gross), gender parity index (GPI)",LU,Luxembourg,,,,,,,,,,,,,,,
Latvia,Riga,Europe,Europe,64559.0,1901548.0,LV,LVA,LVA,2024,,,,2.0,SE.ENR.PRSC.FM.ZS,"School enrollment, primary and secondary (gross), gender parity index (GPI)",LV,Latvia,RBEC,Europe and CIS,816.0,898.0,907681346.0,568600876.0,215.0,"Latvia, Republic of",LVA,LV,2.0,CO,Non-DAC and non-programme countries,LVA,
Macau,,Asia,Asia,30.0,649342.0,MO,MAC,MAC,2024,,,,2.0,SE.ENR.PRSC.FM.ZS,"School enrollment, primary and secondary (gross), gender parity index (GPI)",MO,"Macao SAR, China",,,,,,,,,,,,,,,
Saint Martin,Marigot,Americas,North America,53.0,38659.0,MF,MAF,MAF,2024,,,,2.0,SE.ENR.PRSC.FM.ZS,"School enrollment, primary and secondary (gross), gender parity index (GPI)",MF,St. Martin (French part),,,,,,,,,,,,,,,
Morocco,Rabat,Africa,Africa,446550.0,36910558.0,MA,MAR,MAR,2024,,,,2.0,SE.ENR.PRSC.FM.ZS,"School enrollment, primary and secondary (gross), gender parity index (GPI)",MA,Morocco,RBAS,Arab States,637.0,770.0,889699202.0,442683911.0,176.0,Morocco,MAR,MA,2.0,CO,Programme countries,MAR,
Monaco,Monaco,Europe,Europe,2.02,39244.0,MC,MCO,MCO,2024,,,,2.0,SE.ENR.PRSC.FM.ZS,"School enrollment, primary and secondary (gross), gender parity index (GPI)",MC,Monaco,,,,,,,,,,,,,,,
Moldova,Chișinău,Europe,Europe,33846.0,2617820.0,MD,MDA,MDA,2024,,,,2.0,SE.ENR.PRSC.FM.ZS,"School enrollment, primary and secondary (gross), gender parity index (GPI)",MD,Moldova,RBEC,Europe and CIS,816.0,898.0,907681346.0,568600876.0,215.0,"Moldova, Republic of",MDA,MD,2.0,CO,Programme countries,MDA,
Madagascar,Antananarivo,Africa,Africa,587041.0,27691019.0,MG,MDG,MDG,2024,,,,2.0,SE.ENR.PRSC.FM.ZS,"School enrollment, primary and secondary (gross), gender parity index (GPI)",MG,Madagascar,RBA,Africa,1584.0,1825.0,1554101323.0,897571035.0,250.0,Madagascar,MDG,MG,2.0,CO,Programme countries,MDG,
Maldives,Malé,Asia,Asia,300.0,540542.0,MV,MDV,MDV,2024,,,,2.0,SE.ENR.PRSC.FM.ZS,"School enrollment, primary and secondary (gross), gender parity index (GPI)",MV,Maldives,RBAP,Asia and the Pacific,944.0,1038.0,887831303.0,495208310.0,274.0,Maldives,MDV,MV,2.0,CO,Programme countries,MDV,
Mexico,Mexico City,Americas,North America,1964375.0,128932753.0,MX,MEX,MEX,2024,,,,2.0,SE.ENR.PRSC.FM.ZS,"School enrollment, primary and secondary (gross), gender parity index (GPI)",MX,Mexico,RBLAC,Latin America & the Caribbean,1196.0,1357.0,1957437066.0,768257482.0,392.0,Mexico,MEX,MX,2.0,CO,Programme countries,MEX,
Marshall Islands,Majuro,Oceania,Oceania,181.0,59194.0,MH,MHL,MHL,2024,,,,2.0,SE.ENR.PRSC.FM.ZS,"School enrollment, primary and secondary (gross), gender parity index (GPI)",MH,Marshall Islands,RBAP,Asia and the Pacific,944.0,1038.0,887831303.0,495208310.0,274.0,Marshall Islands,MHL,MH,2.0,CO,Programme countries,MHL,FJ
North Macedonia,Skopje,Europe,Europe,25713.0,2077132.0,MK,MKD,MKD,2024,,,,2.0,SE.ENR.PRSC.FM.ZS,"School enrollment, primary and secondary (gross), gender parity index (GPI)",MK,North Macedonia,RBEC,Europe and CIS,816.0,898.0,907681346.0,568600876.0,215.0,Republic of North Macedonia,MKD,MK,2.0,CO,Programme countries,MKD,
Mali,Bamako,Africa,Africa,1240192.0,20250834.0,ML,MLI,MLI,2024,,,,2.0,SE.ENR.PRSC.FM.ZS,"School enrollment, primary and secondary (gross), gender parity index (GPI)",ML,Mali,RBA,Africa,1584.0,1825.0,1554101323.0,897571035.0,250.0,Mali,MLI,ML,2.0,CO,Programme countries,MLI,
Malta,Valletta,Europe,Europe,316.0,525285.0,MT,MLT,MLT,2024,,,,2.0,SE.ENR.PRSC.FM.ZS,"School enrollment, primary and secondary (gross), gender parity index (GPI)",MT,Malta,,,,,,,,,,,,,,,
Myanmar,Naypyidaw,Asia,Asia,676578.0,54409794.0,MM,MMR,MMR,2024,,,,2.0,SE.ENR.PRSC.FM.ZS,"School enrollment, primary and secondary (gross), gender parity index (GPI)",MM,Myanmar,RBAP,Asia and the Pacific,944.0,1038.0,887831303.0,495208310.0,274.0,Myanmar,MMR,MM,2.0,CO,Programme countries,MMR,
Montenegro,Podgorica,Europe,Europe,13812.0,621718.0,ME,MNE,MNE,2024,,,,2.0,SE.ENR.PRSC.FM.ZS,"School enrollment, primary and secondary (gross), gender parity index (GPI)",ME,Montenegro,RBEC,Europe and CIS,816.0,898.0,907681346.0,568600876.0,215.0,Montenegro,MNE,ME,2.0,CO,Programme countries,MNE,
Mongolia,Ulan Bator,Asia,Asia,1564110.0,3278292.0,MN,MNG,MNG,2024,,,,2.0,SE.ENR.PRSC.FM.ZS,"School enrollment, primary and secondary (gross), gender parity index (GPI)",MN,Mongolia,RBAP,Asia and the Pacific,944.0,1038.0,887831303.0,495208310.0,274.0,Mongolia,MNG,MN,2.0,CO,Programme countries,MNG,
Northern Mariana Islands,Saipan,Oceania,Oceania,464.0,57557.0,MP,MNP,MNP,2024,,,,2.0,SE.ENR.PRSC.FM.ZS,"School enrollment, primary and secondary (gross), gender parity index (GPI)",MP,Northern Mariana Islands,,,,,,,,,,,,,,,
Mozambique,Maputo,Africa,Africa,801590.0,31255435.0,MZ,MOZ,MOZ,2024,,,,2.0,SE.ENR.PRSC.FM.ZS,"School enrollment, primary and secondary (gross), gender parity index (GPI)",MZ,Mozambique,RBA,Africa,1584.0,1825.0,1554101323.0,897571035.0,250.0,Mozambique,MOZ,MZ,2.0,CO,Programme countries,MOZ,
Mauritania,Nouakchott,Africa,Africa,1030700.0,4649660.0,MR,MRT,MRT,2024,,,,2.0,SE.ENR.PRSC.FM.ZS,"School enrollment, primary and secondary (gross), gender parity index (GPI)",MR,Mauritania,RBA,Africa,1584.0,1825.0,1554101323.0,897571035.0,250.0,Mauritania,MRT,MR,2.0,CO,Programme countries,MRT,
Montserrat,Plymouth,Americas,North America,102.0,4922.0,MS,MSR,,,,,,,,,,,RBLAC,Latin America & the Caribbean,1196.0,1357.0,1957437066.0,768257482.0,392.0,Montserrat,MSR,MS,2.0,CO,Programme countries,MSR,BB
Martinique,Fort-de-France,Americas,North America,1128.0,378243.0,MQ,MTQ,,,,,,,,,,,,,,,,,,,,,,,,,
Mauritius,Port Louis,Africa,Africa,2040.0,1265740.0,MU,MUS,MUS,2024,,,,2.0,SE.ENR.PRSC.FM.ZS,"School enrollment, primary and secondary (gross), gender parity index (GPI)",MU,Mauritius,RBA,Africa,1584.0,1825.0,1554101323.0,897571035.0,250.0,Mauritius,MUS,MU,2.0,CO,Programme countries,MUS,
Malawi,Lilongwe,Africa,Africa,118484.0,19129955.0,MW,MWI,MWI,2024,,,,2.0,SE.ENR.PRSC.FM.ZS,"School enrollment, primary and secondary (gross), gender parity index (GPI)",MW,Malawi,RBA,Africa,1584.0,1825.0,1554101323.0,897571035.0,250.0,Malawi,MWI,MW,2.0,CO,Programme countries,MWI,
Malaysia,Kuala Lumpur,Asia,Asia,330803.0,32365998.0,MY,MYS,MYS,2024,,,,2.0,SE.ENR.PRSC.FM.ZS,"School enrollment, primary and secondary (gross), gender parity index (GPI)",MY,Malaysia,RBAP,Asia and the Pacific,944.0,1038.0,887831303.0,495208310.0,274.0,Malaysia,MYS,MY,2.0,CO,Programme countries,MYS,
Mayotte,Mamoudzou,Africa,Africa,374.0,226915.0,YT,MYT,,,,,,,,,,,,,,,,,,,,,,,,,
Namibia,Windhoek,Africa,Africa,825615.0,2540916.0,,NAM,NAM,2024,,,,2.0,SE.ENR.PRSC.FM.ZS,"School enrollment, primary and secondary (gross), gender parity index (GPI)",NA,Namibia,RBA,Africa,1584.0,1825.0,1554101323.0,897571035.0,250.0,Namibia,NAM,NA,2.0,CO,Programme countries,NAM,
New Caledonia,Nouméa,Oceania,Oceania,18575.0,271960.0,NC,NCL,NCL,2024,,,,2.0,SE.ENR.PRSC.FM.ZS,"School enrollment, primary and secondary (gross), gender parity index (GPI)",NC,New Caledonia,,,,,,,,,,,,,,,
Niger,Niamey,Africa,Africa,1267000.0,24206636.0,NE,NER,NER,2024,,,,2.0,SE.ENR.PRSC.FM.ZS,"School enrollment, primary and secondary (gross), gender parity index (GPI)",NE,Niger,RBA,Africa,1584.0,1825.0,1554101323.0,897571035.0,250.0,Niger,NER,NE,2.0,CO,Programme countries,NER,
Norfolk Island,Kingston,Oceania,Oceania,36.0,2302.0,NF,NFK,,,,,,,,,,,,,,,,,,,,,,,,,
Nigeria,Abuja,Africa,Africa,923768.0,206139587.0,NG,NGA,NGA,2024,,,,2.0,SE.ENR.PRSC.FM.ZS,"School enrollment, primary and secondary (gross), gender parity index (GPI)",NG,Nigeria,RBA,Africa,1584.0,1825.0,1554101323.0,897571035.0,250.0,Nigeria,NGA,NG,2.0,CO,Programme countries,NGA,
Nicaragua,Managua,Americas,North America,130373.0,6624554.0,NI,NIC,NIC,2024,,,,2.0,SE.ENR.PRSC.FM.ZS,"School enrollment, primary and secondary (gross), gender parity index (GPI)",NI,Nicaragua,RBLAC,Latin America & the Caribbean,1196.0,1357.0,1957437066.0,768257482.0,392.0,Nicaragua,NIC,NI,2.0,CO,Programme countries,NIC,
Niue,Alofi,Oceania,Oceania,260.0,1470.0,NU,NIU,,,,,,,,,,,RBAP,Asia and the Pacific,944.0,1038.0,887831303.0,495208310.0,274.0,Niue,NIU,NU,2.0,CO,Programme countries,NIU,WS
Netherlands,Amsterdam,Europe,Europe,41850.0,16655799.0,NL,NLD,NLD,2024,,,,2.0,SE.ENR.PRSC.FM.ZS,"School enrollment, primary and secondary (gross), gender parity index (GPI)",NL,Netherlands,,,,,,,,,,,,,,,
Norway,Oslo,Europe,Europe,323802.0,5379475.0,NO,NOR,NOR,2024,,,,2.0,SE.ENR.PRSC.FM.ZS,"School enrollment, primary and secondary (gross), gender parity index (GPI)",NO,Norway,,,,,,,,,,,,,,,
Nepal,Kathmandu,Asia,Asia,147181.0,29136808.0,NP,NPL,NPL,2024,,,,2.0,SE.ENR.PRSC.FM.ZS,"School enrollment, primary and secondary (gross), gender parity index (GPI)",NP,Nepal,RBAP,Asia and the Pacific,944.0,1038.0,887831303.0,495208310.0,274.0,Nepal,NPL,NP,2.0,CO,Programme countries,NPL,
Nauru,Yaren,Oceania,Oceania,21.0,10834.0,NR,NRU,NRU,2024,,,,2.0,SE.ENR.PRSC.FM.ZS,"School enrollment, primary and secondary (gross), gender parity index (GPI)",NR,Nauru,RBAP,Asia and the Pacific,944.0,1038.0,887831303.0,495208310.0,274.0,Nauru,NRU,NR,2.0,CO,Programme countries,NRU,FJ
New Zealand,Wellington,Oceania,Oceania,270467.0,5084300.0,NZ,NZL,NZL,2024,,,,2.0,SE.ENR.PRSC.FM.ZS,"School enrollment, primary and secondary (gross), gender parity index (GPI)",NZ,New Zealand,,,,,,,,,,,,,,,
Oman,Muscat,Asia,Asia,309500.0,5106622.0,OM,OMN,OMN,2024,,,,2.0,SE.ENR.PRSC.FM.ZS,"School enrollment, primary and secondary (gross), gender parity index (GPI)",OM,Oman,,,,,,,,,,,,,,,
Pakistan,Islamabad,Asia,Asia,881912.0,220892331.0,PK,PAK,PAK,2024,,,,2.0,SE.ENR.PRSC.FM.ZS,"School enrollment, primary and secondary (gross), gender parity index (GPI)",PK,Pakistan,RBAP,Asia and the Pacific,944.0,1038.0,887831303.0,495208310.0,274.0,Pakistan,PAK,PK,2.0,CO,Programme countries,PAK,
,,,,,,,,,,,,,,,,,,RBAS,Arab States,637.0,770.0,889699202.0,442683911.0,176.0,Prog for Palestinian People,PAL,PS,2.0,CO,OTH,PAL,
Panama,Panama City,Americas,North America,75417.0,4314768.0,PA,PAN,PAN,2024,,,,2.0,SE.ENR.PRSC.FM.ZS,"School enrollment, primary and secondary (gross), gender parity index (GPI)",PA,Panama,RBLAC,Latin America & the Caribbean,1196.0,1357.0,1957437066.0,768257482.0,392.0,Panama,PAN,PA,2.0,CO,Programme countries,PAN,
Pitcairn Islands,Adamstown,Oceania,Oceania,47.0,56.0,PN,PCN,,,,,,,,,,,,,,,,,,,,,,,,,
Peru,Lima,Americas,South America,1285216.0,32971846.0,PE,PER,PER,2024,,,,2.0,SE.ENR.PRSC.FM.ZS,"School enrollment, primary and secondary (gross), gender parity index (GPI)",PE,Peru,RBLAC,Latin America & the Caribbean,1196.0,1357.0,1957437066.0,768257482.0,392.0,Peru,PER,PE,2.0,CO,Programme countries,PER,
Philippines,Manila,Asia,Asia,342353.0,109581085.0,PH,PHL,PHL,2024,,,,2.0,SE.ENR.PRSC.FM.ZS,"School enrollment, primary and secondary (gross), gender parity index (GPI)",PH,Philippines,RBAP,Asia and the Pacific,944.0,1038.0,887831303.0,495208310.0,274.0,Philippines,PHL,PH,2.0,CO,Programme countries,PHL,
Palau,Ngerulmud,Oceania,Oceania,459.0,18092.0,PW,PLW,PLW,2024,,,,2.0,SE.ENR.PRSC.FM.ZS,"School enrollment, primary and secondary (gross), gender parity index (GPI)",PW,Palau,RBAP,Asia and the Pacific,944.0,1038.0,887831303.0,495208310.0,274.0,Republic of Palau,PLW,PW,2.0,CO,Programme countries,PLW,FJ
Papua New Guinea,Port Moresby,Oceania,Oceania,462840.0,8947027.0,PG,PNG,PNG,2024,,,,2.0,SE.ENR.PRSC.FM.ZS,"School enrollment, primary and secondary (gross), gender parity index (GPI)",PG,Papua New Guinea,RBAP,Asia and the Pacific,944.0,1038.0,887831303.0,495208310.0,274.0,Papua New Guinea,PNG,PG,2.0,CO,Programme countries,PNG,
Poland,Warsaw,Europe,Europe,312679.0,37950802.0,PL,POL,POL,2024,,,,2.0,SE.ENR.PRSC.FM.ZS,"School enrollment, primary and secondary (gross), gender parity index (GPI)",PL,Poland,RBEC,Europe and CIS,816.0,898.0,907681346.0,568600876.0,215.0,Poland,POL,PL,2.0,CO,OECD-DAC countries,POL,
Puerto Rico,San Juan,Americas,North America,8870.0,3194034.0,PR,PRI,PRI,2024,,,,2.0,SE.ENR.PRSC.FM.ZS,"School enrollment, primary and secondary (gross), gender parity index (GPI)",PR,Puerto Rico (US),,,,,,,,,,,,,,,
North Korea,Pyongyang,Asia,Asia,120538.0,25778815.0,KP,PRK,PRK,2024,,,,2.0,SE.ENR.PRSC.FM.ZS,"School enrollment, primary and secondary (gross), gender parity index (GPI)",KP,"Korea, Dem. People's Rep.",RBAP,Asia and the Pacific,944.0,1038.0,887831303.0,495208310.0,274.0,Democr People's Repub of Korea,PRK,KP,2.0,CO,Programme countries,PRK,
Portugal,Lisbon,Europe,Europe,92090.0,10305564.0,PT,PRT,PRT,2024,,,,2.0,SE.ENR.PRSC.FM.ZS,"School enrollment, primary and secondary (gross), gender parity index (GPI)",PT,Portugal,,,,,,,,,,,,,,,
Paraguay,Asunción,Americas,South America,406752.0,7132530.0,PY,PRY,PRY,2024,,,,2.0,SE.ENR.PRSC.FM.ZS,"School enrollment, primary and secondary (gross), gender parity index (GPI)",PY,Paraguay,RBLAC,Latin America & the Caribbean,1196.0,1357.0,1957437066.0,768257482.0,392.0,Paraguay,PRY,PY,2.0,CO,Programme countries,PRY,
,,,,,,,,,,,,,,,,,,RBAP,Asia and the Pacific,944.0,1038.0,887831303.0,495208310.0,274.0,Pacific Centre (PC),PSC,,2.0,HQ,OTH,PSC,
Palestine,Jerusalem,Asia,Asia,6220.0,4803269.0,PS,PSE,PSE,2024,,,,2.0,SE.ENR.PRSC.FM.ZS,"School enrollment, primary and secondary (gross), gender parity index (GPI)",PS,West Bank and Gaza,,,,,,,,,,,,,,,
French Polynesia,Papeetē,Oceania,Oceania,4167.0,280904.0,PF,PYF,PYF,2024,,,,2.0,SE.ENR.PRSC.FM.ZS,"School enrollment, primary and secondary (gross), gender parity index (GPI)",PF,French Polynesia,,,,,,,,,,,,,,,
Qatar,Doha,Asia,Asia,11586.0,2881060.0,QA,QAT,QAT,2024,,,,2.0,SE.ENR.PRSC.FM.ZS,"School enrollment, primary and secondary (gross), gender parity index (GPI)",QA,Qatar,RBAS,Arab States,637.0,770.0,889699202.0,442683911.0,176.0,Qatar,QAT,QA,2.0,CO,Programme countries,QAT,
,,,,,,,,,,,,,,,,,,RBA,Africa,1584.0,1825.0,1554101323.0,897571035.0,250.0,Dakar Regional Service Centre,R11,,2.0,HQ,OTH,R11,
,,,,,,,,,,,,,,,,,,RBA,Africa,1584.0,1825.0,1554101323.0,897571035.0,250.0,Regional Center - Addis Ababa,R12,,2.0,HQ,OTH,R12,
,,,,,,,,,,,,,,,,,,RBAS,Arab States,637.0,770.0,889699202.0,442683911.0,176.0,Cairo Regional Center,R44,,2.0,HQ,OTH,R44,
,,,,,,,,,,,,,,,,,,RBLAC,Latin America & the Caribbean,1196.0,1357.0,1957437066.0,768257482.0,392.0,Rgnl Ctr in Trinidad & Tobago,R45,,2.0,HQ,OTH,R45,
,,,,,,,,,,,,,,,,,,RBLAC,Latin America & the Caribbean,1196.0,1357.0,1957437066.0,768257482.0,392.0,Panama Regional Center,R46,,2.0,HQ,OTH,R46,
,,,,,,,,,,,,,,,,,,RBAS,Arab States,637.0,770.0,889699202.0,442683911.0,176.0,Regional Center in Amman,R47,,2.0,HQ,OTH,R47,
Réunion,Saint-Denis,Africa,Africa,2511.0,840974.0,RE,REU,,,,,,,,,,,,,,,,,,,,,,,,,
,,,,,,,,,,,,,,,,,,RBA,Africa,1584.0,1825.0,1554101323.0,897571035.0,250.0,Regional SC - Johannesburg,RJB,,2.0,HQ,OTH,RJB,
Romania,Bucharest,Europe,Europe,238391.0,19286123.0,RO,ROU,ROU,2024,,,,2.0,SE.ENR.PRSC.FM.ZS,"School enrollment, primary and secondary (gross), gender parity index (GPI)",RO,Romania,RBEC,Europe and CIS,816.0,898.0,907681346.0,568600876.0,215.0,Romania,ROU,RO,2.0,CO,OTH,ROU,
Russia,Moscow,Europe,Europe,17098242.0,144104080.0,RU,RUS,RUS,2024,,,,2.0,SE.ENR.PRSC.FM.ZS,"School enrollment, primary and secondary (gross), gender parity index (GPI)",RU,Russian Federation,RBEC,Europe and CIS,816.0,898.0,907681346.0,568600876.0,215.0,Russian Federation,RUS,RU,2.0,CO,Non-DAC and non-programme countries,RUS,
Rwanda,Kigali,Africa,Africa,26338.0,12952209.0,RW,RWA,RWA,2024,,,,2.0,SE.ENR.PRSC.FM.ZS,"School enrollment, primary and secondary (gross), gender parity index (GPI)",RW,Rwanda,RBA,Africa,1584.0,1825.0,1554101323.0,897571035.0,250.0,Rwanda,RWA,RW,2.0,CO,Programme countries,RWA,
Saudi Arabia,Riyadh,Asia,Asia,2149690.0,34813867.0,SA,SAU,SAU,2024,,,,2.0,SE.ENR.PRSC.FM.ZS,"School enrollment, primary and secondary (gross), gender parity index (GPI)",SA,Saudi Arabia,RBAS,Arab States,637.0,770.0,889699202.0,442683911.0,176.0,Saudi Arabia,SAU,SA,2.0,CO,Programme countries,SAU,
Sudan,Khartoum,Africa,Africa,1886068.0,43849269.0,SD,SDN,SDN,2024,,,,2.0,SE.ENR.PRSC.FM.ZS,"School enrollment, primary and secondary (gross), gender parity index (GPI)",SD,Sudan,RBAS,Arab States,637.0,770.0,889699202.0,442683911.0,176.0,"Sudan, Republic of the",SDN,SD,2.0,CO,Programme countries,SDN,
Senegal,Dakar,Africa,Africa,196722.0,16743930.0,SN,SEN,SEN,2024,,,,2.0,SE.ENR.PRSC.FM.ZS,"School enrollment, primary and secondary (gross), gender parity index (GPI)",SN,Senegal,RBA,Africa,1584.0,1825.0,1554101323.0,897571035.0,250.0,Senegal,SEN,SN,2.0,CO,Programme countries,SEN,
Singapore,Singapore,Asia,Asia,710.0,5685807.0,SG,SGP,SGP,2024,,,,2.0,SE.ENR.PRSC.FM.ZS,"School enrollment, primary and secondary (gross), gender parity index (GPI)",SG,Singapore,,,,,,,,,,,,,,,
South Georgia,King Edward Point,Antarctic,Antarctica,3903.0,30.0,GS,SGS,,,,,,,,,,,,,,,,,,,,,,,,,
"Saint Helena, Ascension and Tristan da Cunha",Jamestown,Africa,Africa,394.0,53192.0,SH,SHN,,,,,,,,,,,,,,,,,,,,,,,,,
Svalbard and Jan Mayen,Longyearbyen,Europe,Europe,61399.0,2562.0,SJ,SJM,,,,,,,,,,,,,,,,,,,,,,,,,
Solomon Islands,Honiara,Oceania,Oceania,28896.0,686878.0,SB,SLB,SLB,2024,,,,2.0,SE.ENR.PRSC.FM.ZS,"School enrollment, primary and secondary (gross), gender parity index (GPI)",SB,Solomon Islands,RBAP,Asia and the Pacific,944.0,1038.0,887831303.0,495208310.0,274.0,Solomon Islands,SLB,SB,2.0,CO,Programme countries,SLB,FJ
Sierra Leone,Freetown,Africa,Africa,71740.0,7976985.0,SL,SLE,SLE,2024,,,,2.0,SE.ENR.PRSC.FM.ZS,"School enrollment, primary and secondary (gross), gender parity index (GPI)",SL,Sierra Leone,RBA,Africa,1584.0,1825.0,1554101323.0,897571035.0,250.0,Sierra Leone,SLE,SL,2.0,CO,Programme countries,SLE,
El Salvador,San Salvador,Americas,North America,21041.0,6486201.0,SV,SLV,SLV,2024,,,,2.0,SE.ENR.PRSC.FM.ZS,"School enrollment, primary and secondary (gross), gender parity index (GPI)",SV,El Salvador,RBLAC,Latin America & the Caribbean,1196.0,1357.0,1957437066.0,768257482.0,392.0,El Salvador,SLV,SV,2.0,CO,Programme countries,SLV,
San Marino,City of San Marino,Europe,Europe,61.0,33938.0,SM,SMR,SMR,2024,,,,2.0,SE.ENR.PRSC.FM.ZS,"School enrollment, primary and secondary (gross), gender parity index (GPI)",SM,San Marino,,,,,,,,,,,,,,,
Somalia,Mogadishu,Africa,Africa,637657.0,15893219.0,SO,SOM,SOM,2024,,,,2.0,SE.ENR.PRSC.FM.ZS,"School enrollment, primary and secondary (gross), gender parity index (GPI)",SO,"Somalia, Fed. Rep.",RBAS,Arab States,637.0,770.0,889699202.0,442683911.0,176.0,Somalia,SOM,SO,2.0,CO,Programme countries,SOM,
Saint Pierre and Miquelon,Saint-Pierre,Americas,North America,242.0,6069.0,PM,SPM,,,,,,,,,,,,,,,,,,,,,,,,,
Serbia,Belgrade,Europe,Europe,88361.0,6908224.0,RS,SRB,SRB,2024,,,,2.0,SE.ENR.PRSC.FM.ZS,"School enrollment, primary and secondary (gross), gender parity index (GPI)",RS,Serbia,RBEC,Europe and CIS,816.0,898.0,907681346.0,568600876.0,215.0,Serbia,SRB,RS,2.0,CO,Programme countries,SRB,
South Sudan,Juba,Africa,Africa,619745.0,11193729.0,SS,SSD,SSD,2024,,,,2.0,SE.ENR.PRSC.FM.ZS,"School enrollment, primary and secondary (gross), gender parity index (GPI)",SS,South Sudan,RBA,Africa,1584.0,1825.0,1554101323.0,897571035.0,250.0,"South Sudan, Republic of",SSD,SS,2.0,CO,OTH,SSD,
São Tomé and Príncipe,São Tomé,Africa,Africa,964.0,219161.0,ST,STP,STP,2024,,,,2.0,SE.ENR.PRSC.FM.ZS,"School enrollment, primary and secondary (gross), gender parity index (GPI)",ST,Sao Tome and Principe,RBA,Africa,1584.0,1825.0,1554101323.0,897571035.0,250.0,Sao Tome and Principe,STP,ST,2.0,CO,Programme countries,STP,
Suriname,Paramaribo,Americas,South America,163820.0,586634.0,SR,SUR,SUR,2024,,,,2.0,SE.ENR.PRSC.FM.ZS,"School enrollment, primary and secondary (gross), gender parity index (GPI)",SR,Suriname,RBLAC,Latin America & the Caribbean,1196.0,1357.0,1957437066.0,768257482.0,392.0,Suriname,SUR,SR,2.0,CO,Programme countries,SUR,
Slovakia,Bratislava,Europe,Europe,49037.0,5458827.0,SK,SVK,SVK,2024,,,,2.0,SE.ENR.PRSC.FM.ZS,"School enrollment, primary and secondary (gross), gender parity index (GPI)",SK,Slovak Republic,RBEC,Europe and CIS,816.0,898.0,907681346.0,568600876.0,215.0,Regional Center Istanbul,SVK,SK,2.0,HQ,OECD-DAC countries,SVK,
Slovenia,Ljubljana,Europe,Europe,20273.0,2100126.0,SI,SVN,SVN,2024,,,,2.0,SE.ENR.PRSC.FM.ZS,"School enrollment, primary and secondary (gross), gender parity index (GPI)",SI,Slovenia,,,,,,,,,,,,,,,
Sweden,Stockholm,Europe,Europe,450295.0,10353442.0,SE,SWE,SWE,2024,,,,2.0,SE.ENR.PRSC.FM.ZS,"School enrollment, primary and secondary (gross), gender parity index (GPI)",SE,Sweden,,,,,,,,,,,,,,,
Eswatini,Mbabane,Africa,Africa,17364.0,1160164.0,SZ,SWZ,SWZ,2024,,,,2.0,SE.ENR.PRSC.FM.ZS,"School enrollment, primary and secondary (gross), gender parity index (GPI)",SZ,Eswatini,RBA,Africa,1584.0,1825.0,1554101323.0,897571035.0,250.0,Eswatini,SWZ,SZ,2.0,CO,Programme countries,SWZ,
Sint Maarten,Philipsburg,Americas,North America,34.0,40812.0,SX,SXM,SXM,2024,,,,2.0,SE.ENR.PRSC.FM.ZS,"School enrollment, primary and secondary (gross), gender parity index (GPI)",SX,Sint Maarten (Dutch part),RBLAC,Latin America & the Caribbean,1196.0,1357.0,1957437066.0,768257482.0,392.0,Sint Maarten,SXM,SX,2.0,CO,OTH,SXM,TT
Seychelles,Victoria,Africa,Africa,452.0,98462.0,SC,SYC,SYC,2024,,,,2.0,SE.ENR.PRSC.FM.ZS,"School enrollment, primary and secondary (gross), gender parity index (GPI)",SC,Seychelles,RBA,Africa,1584.0,1825.0,1554101323.0,897571035.0,250.0,Seychelles,SYC,SC,2.0,CO,Programme countries,SYC,
Syria,Damascus,Asia,Asia,185180.0,17500657.0,SY,SYR,SYR,2024,,,,2.0,SE.ENR.PRSC.FM.ZS,"School enrollment, primary and secondary (gross), gender parity index (GPI)",SY,Syrian Arab Republic,RBAS,Arab States,637.0,770.0,889699202.0,442683911.0,176.0,Syria,SYR,SY,2.0,CO,Programme countries,SYR,
Turks and Caicos Islands,Cockburn Town,Americas,North America,948.0,38718.0,TC,TCA,TCA,2024,,,,2.0,SE.ENR.PRSC.FM.ZS,"School enrollment, primary and secondary (gross), gender parity index (GPI)",TC,Turks and Caicos Islands,RBLAC,Latin America & the Caribbean,1196.0,1357.0,1957437066.0,768257482.0,392.0,Turks and Caicos Islands,TCA,TC,2.0,CO,Programme countries,TCA,JM
Chad,N'Djamena,Africa,Africa,1284000.0,16425859.0,TD,TCD,TCD,2024,,,,2.0,SE.ENR.PRSC.FM.ZS,"School enrollment, primary and secondary (gross), gender parity index (GPI)",TD,Chad,RBA,Africa,1584.0,1825.0,1554101323.0,897571035.0,250.0,Chad,TCD,TD,2.0,CO,Programme countries,TCD,
Togo,Lomé,Africa,Africa,56785.0,8278737.0,TG,TGO,TGO,2024,,,,2.0,SE.ENR.PRSC.FM.ZS,"School enrollment, primary and secondary (gross), gender parity index (GPI)",TG,Togo,RBA,Africa,1584.0,1825.0,1554101323.0,897571035.0,250.0,Togo,TGO,TG,2.0,CO,Programme countries,TGO,
Thailand,Bangkok,Asia,Asia,513120.0,69799978.0,TH,THA,THA,2024,,,,2.0,SE.ENR.PRSC.FM.ZS,"School enrollment, primary and secondary (gross), gender parity index (GPI)",TH,Thailand,RBAP,Asia and the Pacific,944.0,1038.0,887831303.0,495208310.0,274.0,Thailand,THA,TH,2.0,CO,Programme countries,THA,
Tajikistan,Dushanbe,Asia,Asia,143100.0,9537642.0,TJ,TJK,TJK,2024,,,,2.0,SE.ENR.PRSC.FM.ZS,"School enrollment, primary and secondary (gross), gender parity index (GPI)",TJ,Tajikistan,RBEC,Europe and CIS,816.0,898.0,907681346.0,568600876.0,215.0,Tajikistan,TJK,TJ,2.0,CO,Programme countries,TJK,
Tokelau,Fakaofo,Oceania,Oceania,12.0,1411.0,TK,TKL,,,,,,,,,,,RBAP,Asia and the Pacific,944.0,1038.0,887831303.0,495208310.0,274.0,Tokelau,TKL,TK,2.0,CO,Programme countries,TKL,WS
Turkmenistan,Ashgabat,Asia,Asia,488100.0,6031187.0,TM,TKM,TKM,2024,,,,2.0,SE.ENR.PRSC.FM.ZS,"School enrollment, primary and secondary (gross), gender parity index (GPI)",TM,Turkmenistan,RBEC,Europe and CIS,816.0,898.0,907681346.0,568600876.0,215.0,Turkmenistan,TKM,TM,2.0,CO,Programme countries,TKM,
Timor-Leste,Dili,Asia,Oceania,14874.0,1318442.0,TL,TLS,TLS,2024,,,,2.0,SE.ENR.PRSC.FM.ZS,"School enrollment, primary and secondary (gross), gender parity index (GPI)",TL,Timor-Leste,RBAP,Asia and the Pacific,944.0,1038.0,887831303.0,495208310.0,274.0,Timor-Leste,TLS,TL,2.0,CO,Programme countries,TLS,
Tonga,Nuku'alofa,Oceania,Oceania,747.0,105697.0,TO,TON,TON,2024,,,,2.0,SE.ENR.PRSC.FM.ZS,"School enrollment, primary and secondary (gross), gender parity index (GPI)",TO,Tonga,RBAP,Asia and the Pacific,944.0,1038.0,887831303.0,495208310.0,274.0,Tonga,TON,TO,2.0,CO,Programme countries,TON,FJ
Trinidad and Tobago,Port of Spain,Americas,North America,5130.0,1399491.0,TT,TTO,TTO,2024,,,,2.0,SE.ENR.PRSC.FM.ZS,"School enrollment, primary and secondary (gross), gender parity index (GPI)",TT,Trinidad and Tobago,RBLAC,Latin America & the Caribbean,1196.0,1357.0,1957437066.0,768257482.0,392.0,Trinidad and Tobago,TTO,TT,2.0,CO,Programme countries,TTO,TT
Tunisia,Tunis,Africa,Africa,163610.0,11818618.0,TN,TUN,TUN,2024,,,,2.0,SE.ENR.PRSC.FM.ZS,"School enrollment, primary and secondary (gross), gender parity index (GPI)",TN,Tunisia,RBAS,Arab States,637.0,770.0,889699202.0,442683911.0,176.0,Tunisia,TUN,TN,2.0,CO,Programme countries,TUN,
Turkey,Ankara,Asia,Europe,783562.0,84339067.0,TR,TUR,TUR,2024,,,,2.0,SE.ENR.PRSC.FM.ZS,"School enrollment, primary and secondary (gross), gender parity index (GPI)",TR,Turkiye,RBEC,Europe and CIS,816.0,898.0,907681346.0,568600876.0,215.0,Turkiye,TUR,TR,2.0,CO,Programme countries,TUR,
Tuvalu,Funafuti,Oceania,Oceania,26.0,11792.0,TV,TUV,TUV,2024,,,,2.0,SE.ENR.PRSC.FM.ZS,"School enrollment, primary and secondary (gross), gender parity index (GPI)",TV,Tuvalu,RBAP,Asia and the Pacific,944.0,1038.0,887831303.0,495208310.0,274.0,Tuvalu,TUV,TV,2.0,CO,Programme countries,TUV,FJ
Taiwan,Taipei,Asia,Asia,36193.0,23503349.0,TW,TWN,,,,,,,,,,,,,,,,,,,,,,,,,
Tanzania,Dodoma,Africa,Africa,945087.0,59734213.0,TZ,TZA,TZA,2024,,,,2.0,SE.ENR.PRSC.FM.ZS,"School enrollment, primary and secondary (gross), gender parity index (GPI)",TZ,Tanzania,RBA,Africa,1584.0,1825.0,1554101323.0,897571035.0,250.0,United Republic of Tanzania,TZA,TZ,2.0,CO,Programme countries,TZA,
Uganda,Kampala,Africa,Africa,241550.0,45741000.0,UG,UGA,UGA,2024,,,,2.0,SE.ENR.PRSC.FM.ZS,"School enrollment, primary and secondary (gross), gender parity index (GPI)",UG,Uganda,RBA,Africa,1584.0,1825.0,1554101323.0,897571035.0,250.0,Uganda,UGA,UG,2.0,CO,Programme countries,UGA,
Ukraine,Kyiv,Europe,Europe,603500.0,44134693.0,UA,UKR,UKR,2024,,,,2.0,SE.ENR.PRSC.FM.ZS,"School enrollment, primary and secondary (gross), gender parity index (GPI)",UA,Ukraine,RBEC,Europe and CIS,816.0,898.0,907681346.0,568600876.0,215.0,Ukraine,UKR,UA,2.0,CO,Programme countries,UKR,
United States Minor Outlying Islands,Washington DC,Americas,Oceania,34.2,300.0,UM,UMI,,,,,,,,,,,,,,,,,,,,,,,,,
Kosovo,Pristina,Europe,Europe,10908.0,1775378.0,XK,UNK,,,,,,,,,,,,,,,,,,,,,,,,,
,,,,,,,,,,,,,,,,,,GLOBAL,Global and Others,261.0,523.0,516187930.0,252282556.0,185.0,United Nations Volunteers,UNV,,2.0,HQ,OTH,UNV,
Uruguay,Montevideo,Americas,South America,181034.0,3473727.0,UY,URY,URY,2024,,,,2.0,SE.ENR.PRSC.FM.ZS,"School enrollment, primary and secondary (gross), gender parity index (GPI)",UY,Uruguay,RBLAC,Latin America & the Caribbean,1196.0,1357.0,1957437066.0,768257482.0,392.0,Uruguay,URY,UY,2.0,CO,Programme countries,URY,
United States,"Washington, D.C.",Americas,North America,9372610.0,329484123.0,US,USA,USA,2024,,,,2.0,SE.ENR.PRSC.FM.ZS,"School enrollment, primary and secondary (gross), gender parity index (GPI)",US,United States,,,,,,,,,,,,,,,
Uzbekistan,Tashkent,Asia,Asia,447400.0,34232050.0,UZ,UZB,UZB,2024,,,,2.0,SE.ENR.PRSC.FM.ZS,"School enrollment, primary and secondary (gross), gender parity index (GPI)",UZ,Uzbekistan,RBEC,Europe and CIS,816.0,898.0,907681346.0,568600876.0,215.0,Uzbekistan,UZB,UZ,2.0,CO,Programme countries,UZB,
Vatican City,Vatican City,Europe,Europe,0.44,451.0,VA,VAT,,,,,,,,,,,,,,,,,,,,,,,,,
Saint Vincent and the Grenadines,Kingstown,Americas,North America,389.0,110947.0,VC,VCT,VCT,2024,,,,2.0,SE.ENR.PRSC.FM.ZS,"School enrollment, primary and secondary (gross), gender parity index (GPI)",VC,St. Vincent and the Grenadines,RBLAC,Latin America & the Caribbean,1196.0,1357.0,1957437066.0,768257482.0,392.0,St. Vincent and the Grenadines,VCT,VC,2.0,CO,Programme countries,VCT,BB
Venezuela,Caracas,Americas,South America,916445.0,28435943.0,VE,VEN,VEN,2024,,,,2.0,SE.ENR.PRSC.FM.ZS,"School enrollment, primary and secondary (gross), gender parity index (GPI)",VE,"Venezuela, RB",RBLAC,Latin America & the Caribbean,1196.0,1357.0,1957437066.0,768257482.0,392.0,Venezuela,VEN,VE,2.0,CO,Programme countries,VEN,
British Virgin Islands,Road Town,Americas,North America,151.0,30237.0,VG,VGB,VGB,2024,,,,2.0,SE.ENR.PRSC.FM.ZS,"School enrollment, primary and secondary (gross), gender parity index (GPI)",VG,British Virgin Islands,RBLAC,Latin America & the Caribbean,1196.0,1357.0,1957437066.0,768257482.0,392.0,Virgin Islands (British),VGB,VG,2.0,CO,Programme countries,VGB,BB
United States Virgin Islands,Charlotte Amalie,Americas,North America,347.0,106290.0,VI,VIR,VIR,2024,,,,2.0,SE.ENR.PRSC.FM.ZS,"School enrollment, primary and secondary (gross), gender parity index (GPI)",VI,Virgin Islands (U.S.),,,,,,,,,,,,,,,
Vietnam,Hanoi,Asia,Asia,331212.0,97338583.0,VN,VNM,VNM,2024,,,,2.0,SE.ENR.PRSC.FM.ZS,"School enrollment, primary and secondary (gross), gender parity index (GPI)",VN,Viet Nam,RBAP,Asia and the Pacific,944.0,1038.0,887831303.0,495208310.0,274.0,Viet Nam,VNM,VN,2.0,CO,Programme countries,VNM,
Vanuatu,Port Vila,Oceania,Oceania,12189.0,307150.0,VU,VUT,VUT,2024,,,,2.0,SE.ENR.PRSC.FM.ZS,"School enrollment, primary and secondary (gross), gender parity index (GPI)",VU,Vanuatu,RBAP,Asia and the Pacific,944.0,1038.0,887831303.0,495208310.0,274.0,Vanuatu,VUT,VU,2.0,CO,Programme countries,VUT,FJ
Wallis and Futuna,Mata-Utu,Oceania,Oceania,142.0,11750.0,WF,WLF,,,,,,,,,,,,,,,,,,,,,,,,,
Samoa,Apia,Oceania,Oceania,2842.0,198410.0,WS,WSM,WSM,2024,,,,2.0,SE.ENR.PRSC.FM.ZS,"School enrollment, primary and secondary (gross), gender parity index (GPI)",WS,Samoa,RBAP,Asia and the Pacific,944.0,1038.0,887831303.0,495208310.0,274.0,Samoa,WSM,WS,2.0,CO,Programme countries,WSM,WS
Yemen,Sana'a,Asia,Asia,527968.0,29825968.0,YE,YEM,YEM,2024,,,,2.0,SE.ENR.PRSC.FM.ZS,"School enrollment, primary and secondary (gross), gender parity index (GPI)",YE,"Yemen, Rep.",RBAS,Arab States,637.0,770.0,889699202.0,442683911.0,176.0,Yemen,YEM,YE,2.0,CO,Programme countries,YEM,
South Africa,Pretoria,Africa,Africa,1221037.0,59308690.0,ZA,ZAF,ZAF,2024,,,,2.0,SE.ENR.PRSC.FM.ZS,"School enrollment, primary and secondary (gross), gender parity index (GPI)",ZA,South Africa,RBA,Africa,1584.0,1825.0,1554101323.0,897571035.0,250.0,South Africa,ZAF,ZA,2.0,CO,Programme countries,ZAF,
Zambia,Lusaka,Africa,Africa,752612.0,18383956.0,ZM,ZMB,ZMB,2024,,,,2.0,SE.ENR.PRSC.FM.ZS,"School enrollment, primary and secondary (gross), gender parity index (GPI)",ZM,Zambia,RBA,Africa,1584.0,1825.0,1554101323.0,897571035.0,250.0,Zambia,ZMB,ZM,2.0,CO,Programme countries,ZMB,
Zimbabwe,Harare,Africa,Africa,390757.0,14862927.0,ZW,ZWE,ZWE,2024,,,,2.0,SE.ENR.PRSC.FM.ZS,"School enrollment, primary and secondary (gross), gender parity index (GPI)",ZW,Zimbabwe,RBA,Africa,1584.0,1825.0,1554101323.0,897571035.0,250.0,Zimbabwe,ZWE,ZW,2.0,CO,Programme countries,ZWE,
,,,,,,,,,2024,,,,2.0,SE.ENR.PRSC.FM.ZS,"School enrollment, primary and secondary (gross), gender parity index (GPI)",XD,High income,PAPP,PAPP,0.0,0.0,,,0.0,,,,,,,,
,,,,,,,,,2024,,,,2.0,SE.ENR.PRSC.FM.ZS,"School enrollment, primary and secondary (gross), gender parity index (GPI)",XM,Low income,PAPP,PAPP,0.0,0.0,,,0.0,,,,,,,,
,,,,,,,,,2024,,,,2.0,SE.ENR.PRSC.FM.ZS,"School enrollment, primary and secondary (gross), gender parity index (GPI)",XN,Lower middle income,PAPP,PAPP,0.0,0.0,,,0.0,,,,,,,,
,,,,,,,,,2024,,,,2.0,SE.ENR.PRSC.FM.ZS,"School enrollment, primary and secondary (gross), gender parity index (GPI)",XY,Not classified,PAPP,PAPP,0.0,0.0,,,0.0,,,,,,,,
,,,,,,,,,2024,,,,2.0,SE.ENR.PRSC.FM.ZS,"School enrollment, primary and secondary (gross), gender parity index (GPI)",XT,Upper middle income,PAPP,PAPP,0.0,0.0,,,0.0,,,,,,,,
,,,,,,,,AFE,2024,,,,2.0,SE.ENR.PRSC.FM.ZS,"School enrollment, primary and secondary (gross), gender parity index (GPI)",ZH,Africa Eastern and Southern,PAPP,PAPP,0.0,0.0,,,0.0,,,,,,,,
,,,,,,,,AFW,2024,,,,2.0,SE.ENR.PRSC.FM.ZS,"School enrollment, primary and secondary (gross), gender parity index (GPI)",ZI,Africa Western and Central,PAPP,PAPP,0.0,0.0,,,0.0,,,,,,,,
,,,,,,,,ARB,2024,,,,2.0,SE.ENR.PRSC.FM.ZS,"School enrollment, primary and secondary (gross), gender parity index (GPI)",1A,Arab World,PAPP,PAPP,0.0,0.0,,,0.0,,,,,,,,
,,,,,,,,CEB,2024,,,,2.0,SE.ENR.PRSC.FM.ZS,"School enrollment, primary and secondary (gross), gender parity index (GPI)",B8,Central Europe and the Baltics,PAPP,PAPP,0.0,0.0,,,0.0,,,,,,,,
,,,,,,,,CHI,2024,,,,2.0,SE.ENR.PRSC.FM.ZS,"School enrollment, primary and secondary (gross), gender parity index (GPI)",JG,Channel Islands,PAPP,PAPP,0.0,0.0,,,0.0,,,,,,,,
,,,,,,,,CSS,2024,,,,2.0,SE.ENR.PRSC.FM.ZS,"School enrollment, primary and secondary (gross), gender parity index (GPI)",S3,Caribbean small states,PAPP,PAPP,0.0,0.0,,,0.0,,,,,,,,
,,,,,,,,EAP,2024,,,,2.0,SE.ENR.PRSC.FM.ZS,"School enrollment, primary and secondary (gross), gender parity index (GPI)",4E,East Asia & Pacific (excluding high income),PAPP,PAPP,0.0,0.0,,,0.0,,,,,,,,
,,,,,,,,EAR,2024,,,,2.0,SE.ENR.PRSC.FM.ZS,"School enrollment, primary and secondary (gross), gender parity index (GPI)",V2,Early-demographic dividend,PAPP,PAPP,0.0,0.0,,,0.0,,,,,,,,
,,,,,,,,EAS,2024,,,,2.0,SE.ENR.PRSC.FM.ZS,"School enrollment, primary and secondary (gross), gender parity index (GPI)",Z4,East Asia & Pacific,PAPP,PAPP,0.0,0.0,,,0.0,,,,,,,,
,,,,,,,,ECA,2024,,,,2.0,SE.ENR.PRSC.FM.ZS,"School enrollment, primary and secondary (gross), gender parity index (GPI)",7E,Europe & Central Asia (excluding high income),PAPP,PAPP,0.0,0.0,,,0.0,,,,,,,,
,,,,,,,,ECS,2024,,,,2.0,SE.ENR.PRSC.FM.ZS,"School enrollment, primary and secondary (gross), gender parity index (GPI)",Z7,Europe & Central Asia,PAPP,PAPP,0.0,0.0,,,0.0,,,,,,,,
,,,,,,,,EMU,2024,,,,2.0,SE.ENR.PRSC.FM.ZS,"School enrollment, primary and secondary (gross), gender parity index (GPI)",XC,Euro area,PAPP,PAPP,0.0,0.0,,,0.0,,,,,,,,
,,,,,,,,EUU,2024,,,,2.0,SE.ENR.PRSC.FM.ZS,"School enrollment, primary and secondary (gross), gender parity index (GPI)",EU,European Union,PAPP,PAPP,0.0,0.0,,,0.0,,,,,,,,
,,,,,,,,FCS,2024,,,,2.0,SE.ENR.PRSC.FM.ZS,"School enrollment, primary and secondary (gross), gender parity index (GPI)",F1,Fragile and conflict affected situations,PAPP,PAPP,0.0,0.0,,,0.0,,,,,,,,
,,,,,,,,HPC,2024,,,,2.0,SE.ENR.PRSC.FM.ZS,"School enrollment, primary and secondary (gross), gender parity index (GPI)",XE,Heavily indebted poor countries (HIPC),PAPP,PAPP,0.0,0.0,,,0.0,,,,,,,,
,,,,,,,,IBD,2024,,,,2.0,SE.ENR.PRSC.FM.ZS,"School enrollment, primary and secondary (gross), gender parity index (GPI)",XF,IBRD only,PAPP,PAPP,0.0,0.0,,,0.0,,,,,,,,
,,,,,,,,IBT,2024,,,,2.0,SE.ENR.PRSC.FM.ZS,"School enrollment, primary and secondary (gross), gender parity index (GPI)",ZT,IDA & IBRD total,PAPP,PAPP,0.0,0.0,,,0.0,,,,,,,,
,,,,,,,,IDA,2024,,,,2.0,SE.ENR.PRSC.FM.ZS,"School enrollment, primary and secondary (gross), gender parity index (GPI)",XG,IDA total,PAPP,PAPP,0.0,0.0,,,0.0,,,,,,,,
,,,,,,,,IDB,2024,,,,2.0,SE.ENR.PRSC.FM.ZS,"School enrollment, primary and secondary (gross), gender parity index (GPI)",XH,IDA blend,PAPP,PAPP,0.0,0.0,,,0.0,,,,,,,,
,,,,,,,,IDX,2024,,,,2.0,SE.ENR.PRSC.FM.ZS,"School enrollment, primary and secondary (gross), gender parity index (GPI)",XI,IDA only,PAPP,PAPP,0.0,0.0,,,0.0,,,,,,,,
,,,,,,,,LAC,2024,,,,2.0,SE.ENR.PRSC.FM.ZS,"School enrollment, primary and secondary (gross), gender parity index (GPI)",XJ,Latin America & Caribbean (excluding high income),PAPP,PAPP,0.0,0.0,,,0.0,,,,,,,,
,,,,,,,,LCN,2024,,,,2.0,SE.ENR.PRSC.FM.ZS,"School enrollment, primary and secondary (gross), gender parity index (GPI)",ZJ,Latin America & Caribbean,PAPP,PAPP,0.0,0.0,,,0.0,,,,,,,,
,,,,,,,,LDC,2024,,,,2.0,SE.ENR.PRSC.FM.ZS,"School enrollment, primary and secondary (gross), gender parity index (GPI)",XL,Least developed countries: UN classification,PAPP,PAPP,0.0,0.0,,,0.0,,,,,,,,
,,,,,,,,LMY,2024,,,,2.0,SE.ENR.PRSC.FM.ZS,"School enrollment, primary and secondary (gross), gender parity index (GPI)",XO,Low & middle income,PAPP,PAPP,0.0,0.0,,,0.0,,,,,,,,
,,,,,,,,LTE,2024,,,,2.0,SE.ENR.PRSC.FM.ZS,"School enrollment, primary and secondary (gross), gender parity index (GPI)",V3,Late-demographic dividend,PAPP,PAPP,0.0,0.0,,,0.0,,,,,,,,
,,,,,,,,MEA,2024,,,,2.0,SE.ENR.PRSC.FM.ZS,"School enrollment, primary and secondary (gross), gender parity index (GPI)",ZQ,"Middle East, North Africa, Afghanistan & Pakistan",PAPP,PAPP,0.0,0.0,,,0.0,,,,,,,,
,,,,,,,,MIC,2024,,,,2.0,SE.ENR.PRSC.FM.ZS,"School enrollment, primary and secondary (gross), gender parity index (GPI)",XP,Middle income,PAPP,PAPP,0.0,0.0,,,0.0,,,,,,,,
,,,,,,,,MNA,2024,,,,2.0,SE.ENR.PRSC.FM.ZS,"School enrollment, primary and secondary (gross), gender parity index (GPI)",XQ,"Middle East, North Africa, Afghanistan & Pakistan (excluding high income)",PAPP,PAPP,0.0,0.0,,,0.0,,,,,,,,
,,,,,,,,NAC,2024,,,,2.0,SE.ENR.PRSC.FM.ZS,"School enrollment, primary and secondary (gross), gender parity index (GPI)",XU,North America,PAPP,PAPP,0.0,0.0,,,0.0,,,,,,,,
,,,,,,,,OED,2024,,,,2.0,SE.ENR.PRSC.FM.ZS,"School enrollment, primary and secondary (gross), gender parity index (GPI)",OE,OECD members,PAPP,PAPP,0.0,0.0,,,0.0,,,,,,,,
,,,,,,,,OSS,2024,,,,2.0,SE.ENR.PRSC.FM.ZS,"School enrollment, primary and secondary (gross), gender parity index (GPI)",S4,Other small states,PAPP,PAPP,0.0,0.0,,,0.0,,,,,,,,
,,,,,,,,PRE,2024,,,,2.0,SE.ENR.PRSC.FM.ZS,"School enrollment, primary and secondary (gross), gender parity index (GPI)",V1,Pre-demographic dividend,PAPP,PAPP,0.0,0.0,,,0.0,,,,,,,,
,,,,,,,,PSS,2024,,,,2.0,SE.ENR.PRSC.FM.ZS,"School enrollment, primary and secondary (gross), gender parity index (GPI)",S2,Pacific island small states,PAPP,PAPP,0.0,0.0,,,0.0,,,,,,,,
,,,,,,,,PST,2024,,,,2.0,SE.ENR.PRSC.FM.ZS,"School enrollment, primary and secondary (gross), gender parity index (GPI)",V4,Post-demographic dividend,PAPP,PAPP,0.0,0.0,,,0.0,,,,,,,,
,,,,,,,,SAS,2024,,,,2.0,SE.ENR.PRSC.FM.ZS,"School enrollment, primary and secondary (gross), gender parity index (GPI)",8S,South Asia,PAPP,PAPP,0.0,0.0,,,0.0,,,,,,,,
,,,,,,,,SSA,2024,,,,2.0,SE.ENR.PRSC.FM.ZS,"School enrollment, primary and secondary (gross), gender parity index (GPI)",ZF,Sub-Saharan Africa (excluding high income),PAPP,PAPP,0.0,0.0,,,0.0,,,,,,,,
,,,,,,,,SSF,2024,,,,2.0,SE.ENR.PRSC.FM.ZS,"School enrollment, primary and secondary (gross), gender parity index (GPI)",ZG,Sub-Saharan Africa,PAPP,PAPP,0.0,0.0,,,0.0,,,,,,,,
,,,,,,,,SST,2024,,,,2.0,SE.ENR.PRSC.FM.ZS,"School enrollment, primary and secondary (gross), gender parity index (GPI)",S1,Small states,PAPP,PAPP,0.0,0.0,,,0.0,,,,,,,,
,,,,,,,,TEA,2024,,,,2.0,SE.ENR.PRSC.FM.ZS,"School enrollment, primary and secondary (gross), gender parity index (GPI)",T4,East Asia & Pacific (IDA & IBRD countries),PAPP,PAPP,0.0,0.0,,,0.0,,,,,,,,
,,,,,,,,TEC,2024,,,,2.0,SE.ENR.PRSC.FM.ZS,"School enrollment, primary and secondary (gross), gender parity index (GPI)",T7,Europe & Central Asia (IDA & IBRD countries),PAPP,PAPP,0.0,0.0,,,0.0,,,,,,,,
,,,,,,,,TLA,2024,,,,2.0,SE.ENR.PRSC.FM.ZS,"School enrollment, primary and secondary (gross), gender parity index (GPI)",T2,Latin America & the Caribbean (IDA & IBRD countries),PAPP,PAPP,0.0,0.0,,,0.0,,,,,,,,
,,,,,,,,TMN,2024,,,,2.0,SE.ENR.PRSC.FM.ZS,"School enrollment, primary and secondary (gross), gender parity index (GPI)",T3,"Middle East, North Africa, Afghanistan & Pakistan (IDA & IBRD)",PAPP,PAPP,0.0,0.0,,,0.0,,,,,,,,
,,,,,,,,TSA,2024,,,,2.0,SE.ENR.PRSC.FM.ZS,"School enrollment, primary and secondary (gross), gender parity index (GPI)",T5,South Asia (IDA & IBRD),PAPP,PAPP,0.0,0.0,,,0.0,,,,,,,,
,,,,,,,,TSS,2024,,,,2.0,SE.ENR.PRSC.FM.ZS,"School enrollment, primary and secondary (gross), gender parity index (GPI)",T6,Sub-Saharan Africa (IDA & IBRD countries),PAPP,PAPP,0.0,0.0,,,0.0,,,,,,,,
,,,,,,,,WLD,2024,,,,2.0,SE.ENR.PRSC.FM.ZS,"School enrollment, primary and secondary (gross), gender parity index (GPI)",1W,World,PAPP,PAPP,0.0,0.0,,,0.0,,,,,,,,
,,,,,,,,XKX,2024,,,,2.0,SE.ENR.PRSC.FM.ZS,"School enrollment, primary and secondary (gross), gender parity index (GPI)",XK,Kosovo,PAPP,PAPP,0.0,0.0,,,0.0,,,,,,,,
